date,WEAPON LAWS,WARRANTS,NON-CRIMINAL,ASSAULT,OTHER OFFENSES,MISSING PERSON,LARCENY/THEFT,BURGLARY,STOLEN PROPERTY,ROBBERY,FRAUD,DRUG/NARCOTIC,VEHICLE THEFT,RECOVERED VEHICLE,VANDALISM,ARSON,PROSTITUTION,SECONDARY CODES,SUSPICIOUS OCC,DRUNKENNESS,TRESPASS,"SEX OFFENSES, NON FORCIBLE","SEX OFFENSES, FORCIBLE",RUNAWAY,KIDNAPPING,DISORDERLY CONDUCT,DRIVING UNDER THE INFLUENCE,FORGERY/COUNTERFEITING,EMBEZZLEMENT,BRIBERY,FAMILY OFFENSES,GAMBLING,SUICIDE,LIQUOR LAWS,EXTORTION,LOITERING,TREA,BAD CHECKS,PORNOGRAPHY/OBSCENE MAT
2016-01-01,7,19,85,61,65,14,118,18,6,11,11,15,20,2,28,1,0,7,32,6,6,0,9,1,0,1,4,2,8,0,0,0,0,0,1,0,0,0,0
2016-01-02,3,14,42,27,46,10,116,21,3,7,9,10,16,3,24,4,0,8,15,1,4,0,3,1,0,2,1,3,1,0,0,0,0,0,1,0,0,0,0
2016-01-03,6,13,47,33,48,6,65,10,6,7,3,17,19,2,13,1,0,3,6,2,3,0,3,0,1,1,1,0,0,0,0,0,0,0,0,0,0,0,0
2016-01-04,4,17,50,26,46,15,89,16,2,10,8,6,15,0,17,3,0,7,22,0,4,0,1,0,1,2,1,3,0,0,0,0,0,1,0,0,0,0,0
2016-01-05,2,18,39,39,59,22,91,13,4,6,10,7,19,4,12,1,2,5,14,2,4,0,4,0,0,0,0,2,1,0,1,0,0,0,0,0,0,1,0
2016-01-06,0,12,34,25,45,9,118,15,2,4,6,15,14,3,24,0,0,7,15,2,4,0,3,0,0,0,2,0,0,0,0,0,0,0,1,0,0,0,0
2016-01-07,4,16,61,47,52,14,105,22,4,7,8,16,18,2,15,1,0,3,16,1,1,0,3,0,1,0,1,5,2,0,0,0,0,3,0,0,0,1,0
2016-01-08,5,10,53,38,55,12,131,24,1,8,4,14,16,1,27,0,4,9,13,1,6,0,1,0,2,2,2,1,1,0,0,0,0,0,2,0,0,1,0
2016-01-09,4,26,43,30,60,4,105,10,2,11,14,11,13,2,23,0,1,9,12,1,6,1,6,2,1,3,1,3,1,0,0,0,0,0,0,0,0,2,0
2016-01-10,1,17,41,36,55,6,108,21,1,7,7,14,17,0,31,1,0,6,10,3,2,0,8,0,3,1,0,1,4,0,0,0,0,0,0,1,0,0,0
2016-01-11,2,15,44,32,46,3,96,9,0,7,6,11,24,6,13,1,0,2,27,1,9,1,2,0,0,1,0,3,0,0,0,0,0,0,0,0,0,0,1
2016-01-12,2,16,46,42,59,8,90,15,2,11,8,15,32,2,18,1,4,8,13,1,2,0,4,1,2,5,0,1,0,0,0,0,0,0,1,0,0,0,0
2016-01-13,0,27,41,32,67,8,117,15,2,8,8,13,24,2,19,2,0,5,14,0,8,0,0,1,1,5,0,1,1,0,0,0,0,0,0,0,0,0,0
2016-01-14,4,21,49,38,46,9,108,17,0,10,11,8,15,4,13,1,0,7,8,1,5,0,3,0,0,4,2,7,2,0,0,0,0,1,1,0,0,0,0
2016-01-15,3,14,60,37,49,15,113,25,0,10,10,9,22,3,24,1,1,5,18,1,5,0,6,0,0,0,2,2,1,0,0,0,1,2,1,0,0,0,0
2016-01-16,4,19,60,39,50,10,138,10,4,13,14,6,20,1,24,1,0,2,16,1,2,0,2,0,1,2,1,4,1,0,0,0,1,0,0,0,0,0,0
2016-01-17,2,12,39,33,44,10,115,19,3,10,12,4,20,3,28,0,0,7,14,2,2,0,3,1,1,1,0,1,0,0,1,0,0,0,0,0,0,0,0
2016-01-18,4,14,42,29,37,12,107,17,2,11,10,15,18,1,25,0,2,7,11,0,5,0,1,1,1,2,0,1,0,0,0,0,0,0,0,0,0,0,0
2016-01-19,1,18,40,25,49,11,115,19,4,8,9,16,21,1,13,1,1,8,11,0,5,0,2,1,1,2,0,1,0,0,0,0,0,0,0,0,0,0,0
2016-01-20,6,15,52,36,72,10,127,27,1,12,15,6,15,1,26,2,6,5,10,0,5,0,6,1,0,2,0,2,0,2,0,0,0,0,0,0,0,0,0
2016-01-21,9,21,49,34,52,20,115,19,2,9,11,26,25,3,21,1,0,4,16,2,5,1,0,2,0,0,0,2,0,0,0,1,0,0,0,0,0,0,0
2016-01-22,0,28,40,34,59,18,136,20,8,4,8,6,20,5,29,1,0,2,18,3,7,0,2,1,0,2,0,3,0,0,1,0,0,0,0,0,0,0,0
2016-01-23,2,22,50,50,71,12,127,17,4,14,6,8,12,4,26,0,28,3,13,4,4,0,1,0,1,1,1,0,1,1,1,0,0,1,0,0,0,0,0
2016-01-24,3,18,40,35,57,8,114,12,6,13,6,15,15,2,15,0,0,4,21,3,4,0,1,0,2,1,1,3,0,0,0,0,0,0,0,0,0,0,0
2016-01-25,2,20,45,38,53,10,96,15,5,9,7,12,15,5,21,0,3,5,19,0,7,0,5,0,1,3,1,1,1,1,0,0,0,0,0,0,0,0,0
2016-01-26,6,17,44,33,66,15,123,10,3,7,10,19,17,4,26,1,2,7,11,0,7,0,0,1,0,5,1,3,1,0,0,1,0,0,0,2,0,0,0
2016-01-27,4,15,36,53,63,12,119,23,1,11,5,9,15,2,23,0,3,9,18,2,5,0,6,0,1,2,2,6,0,0,0,0,0,1,0,0,0,0,0
2016-01-28,4,21,44,25,62,5,117,23,1,3,9,9,14,3,18,0,3,3,18,3,2,1,2,0,0,0,0,4,0,0,0,0,0,0,0,0,0,0,0
2016-01-29,7,13,56,45,75,20,136,20,4,5,10,12,21,2,22,0,38,4,19,1,2,0,0,0,0,0,0,0,0,0,0,0,0,2,0,0,0,0,0
2016-01-30,3,18,52,56,42,23,109,12,3,6,5,11,16,3,30,0,2,2,14,0,2,0,3,0,0,0,2,4,0,0,0,0,1,2,0,0,0,0,0
2016-01-31,2,17,70,30,56,15,101,9,0,7,5,5,16,2,20,0,6,3,21,1,7,0,3,0,0,2,2,0,0,0,0,0,0,0,0,0,0,1,0
2016-02-01,3,24,50,51,86,15,108,16,4,9,11,12,23,0,21,3,5,10,24,0,3,0,2,1,3,1,0,1,4,1,0,0,0,0,1,0,0,0,0
2016-02-02,4,21,51,28,61,4,109,19,1,7,12,16,21,1,11,1,0,3,23,1,3,0,1,1,0,2,0,6,0,0,0,0,1,0,0,1,0,1,0
2016-02-03,7,19,50,40,61,6,101,21,2,8,7,19,14,0,16,3,6,4,18,1,6,0,3,0,1,0,4,3,0,0,0,0,0,0,0,0,0,0,0
2016-02-04,7,20,65,30,73,13,115,17,2,12,4,18,16,2,9,1,47,4,20,1,5,0,3,1,1,0,0,2,1,0,2,0,0,1,0,0,0,0,0
2016-02-05,5,12,68,29,58,22,133,25,2,5,9,11,27,1,22,1,2,6,16,3,3,0,2,0,1,0,0,2,1,0,0,0,0,1,0,2,0,0,0
2016-02-06,1,10,68,42,37,16,139,19,2,11,9,7,20,1,33,0,3,3,9,4,3,0,3,0,0,1,0,1,0,0,0,0,0,0,0,1,0,0,0
2016-02-07,8,19,52,58,55,10,128,11,1,12,5,8,20,2,34,1,2,8,15,3,1,0,2,0,3,0,0,0,0,0,0,0,0,0,1,1,0,0,0
2016-02-08,8,13,50,43,64,9,106,15,5,12,5,8,18,5,28,0,1,5,12,0,1,0,0,0,1,1,3,1,0,0,0,0,2,0,0,0,0,0,0
2016-02-09,2,20,50,34,61,22,106,16,2,7,6,16,14,1,26,0,0,7,18,0,3,0,2,0,2,2,0,1,0,0,0,0,1,0,0,1,0,0,0
2016-02-10,7,13,56,34,66,14,105,15,4,5,7,19,12,4,22,2,0,4,16,1,7,0,2,0,0,1,0,4,0,0,0,0,0,1,0,1,0,0,0
2016-02-11,4,20,56,30,44,11,98,15,4,11,2,25,13,4,17,0,1,7,17,0,5,0,1,1,0,3,2,0,0,0,0,0,0,0,0,0,0,0,0
2016-02-12,2,17,49,30,59,18,118,19,2,10,7,18,14,3,20,2,0,4,11,1,7,0,5,1,1,0,0,1,0,1,0,0,0,0,1,0,0,0,0
2016-02-13,5,12,48,49,50,15,112,12,0,14,14,10,18,1,18,0,0,4,18,1,2,0,1,1,0,2,4,2,1,0,0,0,0,0,0,0,0,0,0
2016-02-14,0,9,48,44,34,18,111,15,2,11,2,10,14,1,17,0,0,2,13,4,1,0,2,0,0,1,4,0,0,1,0,0,0,1,0,0,0,0,0
2016-02-15,5,15,52,46,51,9,101,19,2,13,10,23,25,2,20,2,0,6,7,0,5,0,3,0,0,1,0,0,0,0,0,0,0,1,0,0,0,0,0
2016-02-16,5,19,34,50,69,14,114,18,4,7,12,13,23,4,17,2,0,5,15,1,4,0,3,1,0,3,1,2,0,0,0,0,0,0,0,0,0,0,0
2016-02-17,2,11,45,35,52,6,114,21,2,14,12,5,14,5,32,2,0,7,13,3,5,0,2,1,0,0,1,0,0,0,0,0,0,0,0,0,0,0,0
2016-02-18,3,21,56,28,60,3,114,23,1,9,5,11,14,4,26,1,0,7,18,2,4,0,1,0,0,2,1,2,0,0,0,0,0,1,0,1,0,0,0
2016-02-19,10,20,60,39,54,7,120,13,2,6,8,12,18,0,18,1,1,4,17,2,4,0,0,0,2,0,3,1,0,0,0,0,0,0,0,0,0,0,0
2016-02-20,2,6,58,33,55,20,125,13,1,4,7,7,19,5,22,1,0,4,13,1,5,0,3,0,2,0,1,2,0,0,0,0,0,0,0,0,0,0,0
2016-02-21,3,19,39,38,57,9,113,12,1,5,8,21,30,1,32,0,1,8,15,2,3,0,1,0,0,0,2,3,0,0,1,0,0,0,0,0,0,0,0
2016-02-22,2,22,39,38,48,19,101,20,1,8,7,13,24,2,22,0,0,3,13,2,2,0,2,1,1,1,0,1,0,0,1,0,0,0,0,0,0,0,0
2016-02-23,2,20,46,31,54,5,89,16,1,7,11,11,19,2,10,0,0,3,17,2,3,0,2,0,1,2,0,2,1,0,0,1,1,1,0,0,0,0,0
2016-02-24,6,17,60,35,52,12,105,19,1,5,9,9,17,3,25,0,0,9,17,1,4,0,2,0,1,3,0,0,0,0,0,0,0,0,0,0,0,0,0
2016-02-25,6,25,56,34,49,8,88,26,4,8,6,9,21,1,19,0,0,6,12,0,1,1,5,0,0,1,1,1,0,1,0,0,1,1,0,0,0,0,0
2016-02-26,4,19,43,30,46,14,115,14,1,8,3,6,22,1,23,0,0,6,12,0,5,0,2,0,1,0,2,0,0,0,0,0,0,0,0,0,0,0,0
2016-02-27,4,25,41,53,40,2,138,13,1,7,3,13,22,0,18,2,0,4,15,2,4,0,2,0,2,1,1,1,0,1,0,0,0,0,0,2,0,2,0
2016-02-28,9,12,47,47,46,13,86,22,4,10,10,12,16,1,15,2,0,8,13,0,3,0,2,1,0,0,0,2,0,0,0,0,0,0,0,1,0,0,0
2016-02-29,3,16,48,27,51,11,89,21,4,5,14,14,16,3,21,0,0,6,22,1,6,0,2,0,0,5,0,2,0,0,0,0,0,0,1,0,0,0,0
2016-03-01,2,10,56,42,68,14,99,20,3,4,7,3,19,4,22,1,1,4,24,1,4,1,4,1,1,3,1,1,1,0,0,0,0,0,0,0,0,0,0
2016-03-02,4,19,40,29,60,18,107,18,4,8,6,14,19,1,14,0,0,7,14,0,9,0,2,1,0,2,0,3,1,0,0,0,0,3,0,1,0,0,0
2016-03-03,4,15,48,33,51,14,82,22,3,6,6,8,18,2,14,1,0,3,20,3,7,0,5,0,0,6,1,2,1,0,0,1,0,0,1,0,0,0,0
2016-03-04,5,15,64,35,74,26,103,16,3,4,10,13,24,4,26,0,0,3,22,2,5,0,2,0,0,2,1,1,0,0,0,0,0,0,0,0,0,0,0
2016-03-05,6,14,48,34,45,11,74,16,1,7,4,10,17,0,26,2,0,6,14,1,5,0,5,0,1,1,1,0,0,0,0,0,0,2,0,0,0,0,0
2016-03-06,4,14,64,24,45,18,89,16,2,4,7,11,23,3,9,2,0,3,16,0,2,0,2,3,1,0,1,2,0,0,0,1,0,1,1,0,0,0,0
2016-03-07,2,19,51,37,53,12,83,28,5,4,11,4,17,4,22,0,0,2,14,0,8,0,4,0,0,2,1,3,0,0,0,0,1,0,0,1,0,0,0
2016-03-08,3,26,42,26,59,12,75,19,1,8,5,16,15,2,18,0,0,7,17,0,2,1,2,1,1,2,2,3,1,2,0,0,0,0,1,0,0,0,0
2016-03-09,1,12,53,38,56,17,87,13,3,4,3,21,13,4,19,0,0,3,11,0,4,0,2,1,0,4,0,1,1,2,0,0,1,1,0,0,0,0,0
2016-03-10,2,13,44,21,40,12,78,25,3,7,9,12,21,1,21,0,0,7,16,2,5,0,1,0,0,3,0,1,0,0,1,0,0,1,1,0,0,0,0
2016-03-11,8,20,60,32,46,7,85,23,2,9,7,11,20,3,22,4,0,2,11,1,6,0,0,1,1,0,3,0,1,0,0,0,0,0,0,1,0,0,0
2016-03-12,4,14,64,34,36,3,94,16,0,14,9,8,11,2,14,1,0,3,23,5,2,0,0,1,0,0,2,1,0,0,0,0,0,3,0,0,0,0,0
2016-03-13,4,15,38,29,39,11,62,9,0,8,1,10,21,1,21,1,0,7,6,0,6,0,6,1,1,1,4,0,0,0,1,0,0,1,0,0,0,0,0
2016-03-14,5,15,50,25,71,16,94,16,2,10,7,21,12,5,28,0,0,6,11,0,7,0,4,0,0,2,1,2,0,0,0,0,0,2,1,1,0,0,0
2016-03-15,4,22,43,40,71,16,77,18,1,7,4,20,17,4,18,0,0,4,24,0,3,0,8,0,1,2,0,0,0,0,0,0,0,0,0,0,0,0,0
2016-03-16,3,33,48,29,72,7,108,8,1,9,5,14,17,5,25,1,1,4,15,1,3,0,0,0,1,2,0,3,1,0,0,0,0,0,0,0,0,0,0
2016-03-17,1,10,72,41,59,14,96,18,3,8,4,3,18,2,17,2,0,5,20,5,2,0,4,0,2,1,4,1,2,0,0,0,0,1,0,0,0,0,0
2016-03-18,6,24,48,38,57,10,132,25,4,3,11,12,26,3,21,2,0,6,13,3,7,0,3,0,0,2,1,2,0,0,1,0,0,1,0,0,0,0,0
2016-03-19,5,14,46,40,44,8,107,15,4,12,5,14,23,4,26,0,0,3,13,0,3,0,7,0,1,1,1,0,2,0,0,0,0,1,0,0,0,0,0
2016-03-20,7,20,36,36,52,10,88,15,4,7,12,14,16,2,18,0,0,6,11,2,0,0,0,0,0,1,1,0,0,2,0,0,0,0,0,0,0,0,0
2016-03-21,3,9,64,46,50,27,99,17,5,5,9,12,10,6,21,2,0,7,21,3,6,0,3,0,0,2,0,2,1,0,1,0,0,1,0,0,0,0,0
2016-03-22,7,18,64,47,76,16,88,14,5,11,6,18,8,0,18,1,0,8,17,3,5,0,0,0,0,1,0,2,0,1,0,0,0,1,0,0,0,0,0
2016-03-23,3,22,48,40,60,19,97,19,6,7,5,19,10,1,17,0,0,5,14,0,3,1,7,0,1,2,0,1,1,1,0,0,0,0,0,1,0,0,0
2016-03-24,9,18,33,39,50,10,92,14,5,6,10,19,8,3,12,1,0,6,11,2,2,0,4,0,0,0,3,1,1,0,0,0,0,0,0,0,0,0,0
2016-03-25,1,24,51,36,70,7,117,14,3,7,1,12,14,2,25,1,5,5,10,0,5,0,7,0,0,3,1,2,0,0,0,0,0,0,0,0,0,0,0
2016-03-26,8,21,51,37,58,23,120,13,1,8,10,13,21,4,24,0,0,6,13,3,3,0,3,2,0,1,4,0,1,0,0,0,0,0,0,0,0,1,0
2016-03-27,10,20,48,32,52,16,90,21,3,7,3,9,12,2,24,0,0,5,14,1,5,0,4,0,1,0,2,1,2,0,0,0,0,3,0,0,0,0,0
2016-03-28,9,12,46,39,54,7,110,19,0,6,8,9,20,0,22,1,0,3,8,1,6,0,2,0,2,1,2,4,0,0,0,0,0,0,0,1,0,0,0
2016-03-29,5,18,54,38,61,13,106,23,1,11,9,28,10,5,22,1,0,3,16,0,5,0,5,0,2,0,0,0,0,0,0,0,0,0,0,0,0,0,0
2016-03-30,11,20,52,41,52,9,128,11,2,4,8,14,12,2,21,0,0,3,14,3,6,0,2,0,0,2,0,2,0,1,0,0,1,0,0,0,0,0,0
2016-03-31,2,24,46,29,49,13,101,24,3,6,9,7,17,2,26,4,41,2,12,1,5,0,4,1,0,1,0,6,0,0,0,0,0,0,0,0,0,0,0
2016-04-01,7,21,66,45,73,31,111,26,3,23,13,13,24,3,16,1,3,4,21,3,4,1,2,0,1,2,4,3,0,1,0,0,0,0,0,0,0,0,0
2016-04-02,2,24,56,40,62,16,106,13,4,10,8,21,19,0,23,1,0,7,13,2,0,0,4,0,0,0,2,1,2,0,0,0,0,0,0,0,0,0,0
2016-04-03,1,10,62,36,52,13,103,14,3,6,7,16,13,2,19,0,0,4,11,3,1,1,2,0,2,0,0,1,0,0,1,0,0,1,0,0,0,0,0
2016-04-04,4,20,53,48,72,13,101,26,10,5,8,17,19,1,18,0,0,5,23,0,7,0,3,0,1,2,0,1,0,0,0,0,1,1,0,0,0,0,0
2016-04-05,1,19,71,25,61,7,101,14,2,7,2,9,12,4,21,2,0,3,10,1,8,0,2,0,1,1,3,1,0,1,0,0,0,1,0,0,0,0,0
2016-04-06,5,31,54,45,68,15,76,11,3,9,8,17,12,3,25,1,0,6,16,1,5,0,4,1,0,2,0,2,1,1,0,0,0,0,0,0,0,0,0
2016-04-07,1,18,61,25,55,23,107,13,0,8,13,15,23,2,32,1,0,4,17,1,2,0,4,0,0,0,2,6,1,0,0,0,1,0,0,0,0,0,0
2016-04-08,5,28,54,46,49,16,82,12,4,10,11,12,15,2,21,0,0,6,19,1,8,0,5,0,0,0,7,2,0,1,0,0,0,1,0,0,0,0,0
2016-04-09,5,14,61,53,47,6,98,9,1,3,4,12,23,3,28,0,0,4,10,0,6,0,5,0,1,1,3,1,0,2,0,0,0,0,0,0,0,0,0
2016-04-10,0,17,42,31,53,9,61,12,2,11,3,12,16,4,27,1,0,7,16,0,2,0,4,0,0,1,2,2,0,0,1,0,1,1,0,0,0,0,0
2016-04-11,4,23,62,39,50,10,102,11,2,7,17,21,11,2,26,0,0,6,10,1,1,0,1,2,0,2,1,3,1,0,0,0,1,0,0,1,0,0,0
2016-04-12,5,17,51,37,69,11,90,18,4,8,6,13,16,3,15,0,1,11,12,0,8,0,2,1,1,3,1,5,0,0,0,0,1,0,1,0,0,0,0
2016-04-13,4,22,50,45,68,6,99,10,0,7,3,12,29,1,13,2,0,5,13,0,9,0,1,0,0,4,0,2,0,0,0,0,0,0,0,0,0,0,0
2016-04-14,9,17,43,46,59,10,91,10,1,6,9,11,10,4,12,2,0,4,14,1,2,0,2,0,2,0,0,2,0,2,1,0,0,1,0,0,0,0,0
2016-04-15,6,15,60,42,57,22,101,19,2,8,3,12,26,4,14,0,0,9,23,1,7,0,3,2,1,2,1,3,0,1,0,0,0,1,0,0,0,0,0
2016-04-16,3,19,58,34,51,13,92,14,1,8,5,18,16,1,18,1,0,3,18,1,5,0,4,0,1,0,0,0,0,0,0,0,1,5,0,0,0,0,0
2016-04-17,4,21,41,41,47,14,93,11,1,8,9,15,18,1,20,1,1,2,14,1,1,0,1,2,1,1,2,1,1,0,0,0,0,1,0,0,0,0,0
2016-04-18,1,14,48,33,54,8,95,19,1,10,10,7,16,2,17,0,1,3,10,0,5,0,2,0,0,1,1,0,1,0,0,0,1,1,1,0,0,0,0
2016-04-19,5,23,49,42,57,10,105,18,4,8,7,13,12,1,28,0,0,1,15,2,1,0,2,0,0,0,1,0,0,0,0,0,0,2,0,0,0,0,0
2016-04-20,11,26,61,44,87,8,82,13,5,16,3,23,27,5,22,1,3,10,23,0,2,0,2,0,0,0,2,5,0,0,0,0,0,1,0,0,0,0,0
2016-04-21,5,27,41,27,60,10,92,17,2,11,10,19,21,3,20,4,0,8,22,1,3,0,2,1,0,1,0,2,0,0,1,0,0,0,0,0,0,0,0
2016-04-22,4,21,66,39,48,8,101,16,0,9,7,17,8,2,27,1,0,9,13,4,4,0,2,0,0,4,0,1,2,1,0,0,0,0,0,0,0,0,0
2016-04-23,1,24,59,49,60,11,112,16,1,9,9,5,14,3,29,0,0,4,16,3,5,0,4,1,2,1,1,5,0,1,1,0,0,0,0,0,0,0,0
2016-04-24,4,21,49,41,52,6,91,17,6,12,11,12,12,0,15,0,0,1,12,1,3,1,8,0,1,1,2,2,0,1,0,0,0,0,0,0,0,0,0
2016-04-25,6,22,57,25,63,11,101,11,1,5,3,13,7,0,25,2,0,5,12,0,4,0,3,1,0,1,2,2,0,0,0,0,0,0,0,1,0,0,0
2016-04-26,0,15,52,26,53,6,93,15,3,3,5,9,16,1,16,0,2,5,17,0,4,0,1,1,0,2,1,2,1,1,1,0,0,0,0,1,0,0,0
2016-04-27,3,18,55,38,50,6,90,10,3,11,5,12,24,0,21,0,0,3,12,0,1,0,0,0,1,0,0,2,0,0,0,0,0,0,0,0,0,0,0
2016-04-28,1,26,47,29,61,7,96,13,3,8,9,22,17,4,17,0,44,4,19,0,7,0,7,0,1,0,1,2,0,0,0,0,0,1,0,0,0,0,0
2016-04-29,8,16,62,40,60,10,107,32,3,10,6,8,12,1,28,0,0,2,10,3,5,0,1,0,0,0,0,0,0,0,1,0,1,0,0,0,1,0,0
2016-04-30,4,24,61,37,52,11,102,15,3,9,4,20,22,2,22,7,0,1,9,3,6,0,0,0,0,1,0,0,0,0,1,1,2,5,0,0,0,0,0
2016-05-01,5,16,61,52,60,19,101,14,4,10,7,23,16,0,25,0,0,10,22,2,5,0,10,1,0,4,0,2,1,1,0,0,0,1,0,0,0,0,0
2016-05-02,4,15,55,35,48,12,97,17,1,10,2,13,20,1,19,0,0,5,11,0,3,0,7,0,0,0,1,4,0,0,0,0,0,0,0,0,0,1,0
2016-05-03,4,15,42,32,40,10,91,11,2,8,6,17,10,1,22,1,0,7,18,1,2,1,2,0,0,1,1,2,0,0,0,0,0,3,0,0,0,0,0
2016-05-04,6,24,57,23,53,16,89,14,2,8,4,13,15,2,33,0,1,4,16,1,5,0,0,0,0,0,0,1,0,0,0,0,0,0,0,0,0,0,0
2016-05-05,2,19,55,45,81,16,95,11,4,6,7,20,18,4,19,0,0,7,24,1,9,1,1,1,0,1,0,5,2,0,0,0,0,1,0,1,0,0,0
2016-05-06,7,17,56,23,58,9,127,14,0,9,9,23,24,1,25,0,0,9,14,1,6,0,2,0,0,1,3,0,0,0,0,0,0,0,0,0,0,0,0
2016-05-07,5,24,59,39,62,11,107,11,0,7,9,17,11,4,16,1,0,6,15,2,5,0,1,0,0,2,2,3,0,0,0,0,0,1,0,0,0,0,0
2016-05-08,4,19,53,44,29,8,80,12,2,7,3,12,15,2,14,0,0,5,13,2,3,0,0,0,1,0,0,2,0,0,0,0,0,0,0,0,0,0,0
2016-05-09,5,18,36,40,44,13,79,19,0,7,2,7,12,8,12,1,0,0,12,2,2,0,1,0,1,0,0,3,1,0,0,0,0,1,0,0,0,0,0
2016-05-10,4,24,49,28,56,14,95,8,3,8,2,9,10,2,25,0,5,3,21,0,4,1,1,0,0,3,3,3,0,0,0,0,0,1,0,0,0,0,0
2016-05-11,7,19,49,26,64,9,90,7,4,5,9,16,22,2,22,1,0,5,12,2,3,0,2,1,1,1,0,2,0,0,0,0,0,0,0,0,0,0,0
2016-05-12,8,25,39,33,58,12,102,11,0,9,10,16,17,0,21,3,0,5,14,1,4,0,4,0,1,3,1,1,0,0,0,0,0,0,0,0,0,0,0
2016-05-13,6,15,49,39,51,14,124,13,0,9,5,11,12,1,26,0,24,6,15,3,6,0,4,0,1,1,0,4,1,0,0,0,1,1,0,0,0,0,0
2016-05-14,3,27,53,28,54,12,122,11,2,13,8,5,20,0,24,1,0,4,15,3,5,0,2,2,1,1,2,2,1,1,0,0,2,1,1,0,0,0,0
2016-05-15,1,18,76,46,56,6,111,11,2,18,4,8,22,0,22,0,0,5,23,4,1,0,2,0,2,0,2,0,0,0,0,0,0,0,0,0,0,0,0
2016-05-16,0,14,61,44,63,9,107,7,3,14,13,14,17,4,13,0,0,4,23,0,13,0,1,2,1,1,1,1,0,1,0,0,0,0,0,0,0,0,0
2016-05-17,5,27,50,44,59,10,100,14,2,7,11,18,18,1,16,1,3,3,10,2,15,0,3,0,1,6,1,1,0,0,0,1,0,2,0,0,0,0,0
2016-05-18,5,16,46,32,62,10,101,17,1,7,6,21,22,1,12,0,0,1,11,2,8,0,1,0,0,4,1,2,0,0,0,0,0,3,0,0,0,0,0
2016-05-19,6,15,58,26,48,11,102,17,3,11,6,9,14,4,19,0,3,5,12,1,14,0,2,0,0,4,0,4,0,0,0,0,0,0,0,0,0,0,0
2016-05-20,3,21,53,54,62,9,119,28,1,10,8,8,10,2,16,1,6,6,16,3,7,0,0,0,1,1,2,1,1,0,0,0,0,0,0,0,0,1,0
2016-05-21,1,14,60,31,41,24,120,9,1,9,4,11,12,0,19,0,0,5,14,0,3,0,4,0,1,2,1,1,0,0,0,0,0,0,0,0,0,0,0
2016-05-22,3,17,40,34,45,5,109,13,2,10,7,6,13,1,27,1,0,3,12,1,3,0,1,0,2,2,2,1,0,0,0,0,0,0,0,0,0,0,0
2016-05-23,2,20,59,38,68,9,132,23,6,13,10,10,24,1,25,5,0,2,13,2,10,0,1,2,1,1,2,4,0,1,1,0,0,0,0,0,0,0,0
2016-05-24,1,18,57,39,51,7,126,21,5,15,9,10,16,2,23,0,0,5,16,2,9,1,3,1,1,2,0,7,1,0,0,0,1,0,0,0,0,0,0
2016-05-25,8,11,36,40,48,11,104,15,5,9,5,12,26,2,22,0,1,4,17,0,4,1,4,0,0,4,1,5,0,0,0,0,0,0,0,0,0,0,0
2016-05-26,5,17,49,31,50,6,129,13,3,8,6,7,12,1,20,0,1,3,16,0,8,0,4,0,1,6,1,3,1,1,0,0,0,0,0,0,0,0,0
2016-05-27,3,13,53,40,50,19,144,14,3,9,9,4,19,1,30,2,0,3,17,0,6,0,8,0,2,2,2,5,0,0,1,0,0,0,0,0,0,0,0
2016-05-28,4,18,47,34,44,5,126,11,0,7,7,8,11,0,25,0,1,4,13,3,5,0,2,0,1,5,2,1,1,0,1,0,0,0,0,0,0,0,0
2016-05-29,12,8,59,35,43,9,145,20,3,10,6,8,11,0,22,2,0,12,17,4,8,0,3,1,3,1,0,1,0,1,1,0,0,0,0,0,0,0,0
2016-05-30,4,17,37,31,71,4,121,11,7,4,10,17,16,2,19,0,0,5,20,1,0,0,1,2,1,0,2,1,0,1,0,0,0,0,0,0,0,0,0
2016-05-31,3,22,54,44,49,16,109,10,6,3,6,17,8,2,21,2,0,5,14,0,6,1,5,0,0,1,2,5,1,0,0,0,0,1,0,0,0,0,0
2016-06-01,5,26,43,48,66,22,111,15,3,15,9,14,15,3,31,1,1,4,22,2,7,0,2,0,0,3,1,2,2,0,1,0,0,1,1,0,0,0,0
2016-06-02,7,21,60,27,42,8,114,19,5,6,10,14,15,1,23,0,0,7,17,2,9,0,3,0,0,1,1,2,0,0,0,0,0,0,0,0,0,0,0
2016-06-03,6,10,52,52,41,16,87,9,5,8,6,13,19,2,27,0,0,4,11,1,1,0,3,0,0,1,1,3,0,2,0,0,0,1,0,0,0,0,0
2016-06-04,4,10,40,30,46,12,117,20,5,6,3,8,15,0,20,2,0,3,11,3,6,0,2,0,1,0,2,2,0,0,0,0,0,0,0,0,0,0,0
2016-06-05,4,8,44,46,47,9,103,16,1,9,6,5,14,1,31,0,0,2,9,2,1,0,4,0,2,2,1,1,0,0,1,0,0,0,0,0,0,0,0
2016-06-06,2,11,32,32,41,3,90,12,2,5,7,11,15,0,29,0,0,4,12,1,8,0,4,1,0,0,1,2,0,0,0,0,1,0,0,0,0,0,0
2016-06-07,2,15,53,25,58,10,101,13,2,7,8,10,13,1,34,1,0,3,11,1,7,0,1,1,0,1,1,2,0,0,0,0,0,0,0,0,0,0,0
2016-06-08,4,17,47,26,55,7,110,13,2,11,3,10,10,4,17,1,0,6,19,1,7,0,3,0,2,1,1,1,1,0,0,0,0,1,1,0,0,0,0
2016-06-09,3,21,56,32,46,10,87,10,1,8,4,10,14,3,29,2,22,4,14,0,9,1,3,0,1,2,1,1,2,0,0,0,0,0,0,0,0,0,0
2016-06-10,7,17,51,43,56,8,125,13,1,5,3,12,15,3,23,0,0,5,17,0,10,0,0,2,1,1,0,0,0,0,0,0,0,0,0,0,0,0,0
2016-06-11,5,22,45,35,44,13,102,12,3,7,11,13,14,0,20,1,0,5,10,2,3,0,5,1,1,0,0,0,0,0,1,0,0,0,0,1,0,0,0
2016-06-12,2,18,43,32,46,15,121,12,5,10,8,15,16,0,31,0,0,5,11,1,6,0,2,1,0,0,0,2,0,0,0,0,0,0,0,0,0,0,0
2016-06-13,9,11,48,37,29,11,116,16,2,10,4,7,16,2,26,1,0,4,17,1,2,0,2,1,1,1,0,2,0,0,0,0,1,0,1,0,0,0,0
2016-06-14,3,11,33,42,34,14,115,10,2,6,6,9,22,2,28,0,0,4,8,1,0,0,1,0,0,1,0,4,1,0,1,0,0,2,1,0,0,0,0
2016-06-15,8,25,43,37,64,16,109,11,0,10,3,11,17,0,36,1,0,8,18,2,5,0,3,0,1,2,0,3,1,0,0,1,0,1,0,0,0,0,0
2016-06-16,3,18,44,37,58,9,118,17,2,17,9,20,17,5,18,1,0,3,17,0,2,0,3,0,2,1,0,2,0,0,0,0,1,0,0,0,0,1,0
2016-06-17,6,12,68,30,49,15,119,18,2,4,6,5,20,3,18,0,2,3,14,1,1,0,1,0,0,0,0,2,0,0,1,0,0,0,0,0,0,1,0
2016-06-18,3,11,51,33,34,16,133,16,1,9,5,18,13,1,30,1,0,3,14,0,4,0,1,0,0,1,2,1,0,0,0,0,0,1,0,0,0,0,0
2016-06-19,3,13,43,25,41,11,111,8,1,14,3,8,18,1,25,1,2,1,10,0,4,0,5,0,1,0,0,3,0,0,0,0,0,1,0,1,0,0,0
2016-06-20,3,16,47,39,49,12,111,9,4,9,6,21,13,4,20,0,0,6,21,1,1,0,5,0,1,2,0,1,0,0,0,0,0,1,0,0,0,1,0
2016-06-21,0,22,54,37,55,10,126,9,4,5,13,6,13,2,23,0,0,5,18,2,9,0,3,1,2,3,1,0,2,0,0,0,0,0,0,0,0,0,0
2016-06-22,5,10,56,36,68,18,128,19,3,11,5,11,13,2,23,0,0,5,14,0,11,0,3,0,0,5,0,3,0,0,0,2,0,1,0,0,0,0,0
2016-06-23,6,21,42,40,51,24,109,11,2,7,3,3,11,1,29,0,1,6,10,1,3,0,0,0,2,2,2,2,1,0,0,0,0,0,0,0,0,0,0
2016-06-24,5,23,58,41,58,9,124,15,2,12,6,10,19,3,30,3,1,6,13,0,8,0,3,0,0,1,3,1,1,0,0,0,0,0,0,0,0,0,0
2016-06-25,5,18,61,65,65,13,134,13,5,13,6,4,21,2,23,3,0,11,27,3,3,0,5,0,2,2,2,1,0,0,0,0,0,0,0,0,0,0,0
2016-06-26,8,14,52,49,57,8,147,12,5,12,8,16,17,2,28,1,1,7,15,3,4,0,7,0,1,1,2,0,0,0,0,1,1,0,0,1,0,0,0
2016-06-27,2,9,43,30,32,10,91,21,1,13,9,11,25,1,12,0,0,2,12,0,4,0,2,2,0,1,1,1,1,0,0,0,0,0,0,0,0,0,0
2016-06-28,4,23,40,39,68,21,101,8,1,12,3,13,23,5,19,0,0,8,21,0,9,0,4,1,1,5,0,0,0,0,0,1,0,0,0,0,0,1,1
2016-06-29,4,18,37,26,51,11,93,14,0,6,10,14,14,2,25,1,0,2,16,1,5,0,2,1,0,3,0,1,0,0,0,0,0,0,0,0,0,0,0
2016-06-30,4,19,46,18,69,14,104,16,0,19,12,9,11,1,19,0,0,5,20,0,2,0,1,1,0,1,1,1,0,0,1,0,0,0,0,0,0,0,0
2016-07-01,4,15,55,50,81,20,144,21,1,11,13,16,9,1,22,1,1,5,20,2,2,0,0,0,3,4,0,0,1,0,2,0,1,0,0,0,0,0,0
2016-07-02,5,16,48,31,30,23,111,18,1,7,4,3,16,0,16,1,0,1,12,2,2,0,1,0,3,1,0,1,1,0,0,0,0,0,0,0,0,0,0
2016-07-03,9,14,38,27,52,14,109,13,3,7,7,22,16,1,21,1,0,3,20,2,3,0,0,0,0,2,2,1,0,0,0,0,0,0,0,0,0,0,0
2016-07-04,4,11,41,36,59,5,75,20,3,11,3,11,11,1,26,2,0,2,10,1,7,0,1,0,0,3,3,0,2,0,0,0,1,1,1,1,0,0,0
2016-07-05,7,13,41,32,66,7,93,18,3,8,13,9,18,2,17,2,0,4,17,0,10,0,2,0,2,4,1,3,0,0,2,0,0,0,0,0,0,0,0
2016-07-06,8,18,48,30,70,8,101,20,4,8,9,22,14,0,22,0,0,4,17,0,6,0,0,0,0,1,3,0,0,0,0,0,0,0,0,0,0,0,0
2016-07-07,2,16,51,21,48,11,96,10,3,14,12,6,16,2,20,0,1,3,18,1,8,0,1,0,1,4,1,3,0,0,0,0,0,0,0,0,0,0,0
2016-07-08,5,7,59,25,34,20,108,12,0,6,7,6,18,3,13,1,1,4,12,0,2,0,4,0,0,2,0,1,2,0,0,1,0,0,0,0,0,0,0
2016-07-09,1,10,54,34,24,10,141,12,1,13,9,5,16,0,32,0,0,4,16,2,6,0,2,0,0,2,3,1,2,0,0,0,0,0,0,1,0,0,0
2016-07-10,3,11,37,36,39,17,113,11,2,11,7,10,18,1,28,1,0,4,12,0,2,0,4,1,0,3,0,0,0,1,0,0,0,0,0,0,0,0,0
2016-07-11,5,16,49,48,56,9,117,17,3,10,8,15,16,0,18,1,0,2,16,1,4,0,1,0,0,0,0,2,0,0,0,0,0,0,0,0,0,0,0
2016-07-12,8,17,38,36,40,7,98,18,1,14,5,14,13,1,22,2,0,7,19,0,10,0,3,0,0,0,1,2,1,0,0,0,0,0,0,0,0,1,0
2016-07-13,9,19,46,36,49,7,85,16,1,10,5,6,12,2,14,3,1,5,16,1,8,1,2,0,1,3,0,2,0,1,0,0,0,0,2,0,0,0,1
2016-07-14,4,18,46,40,49,7,101,15,5,15,8,6,11,3,19,0,1,5,13,5,7,1,2,0,0,1,1,0,0,0,0,0,0,0,0,0,0,0,0
2016-07-15,5,10,50,36,54,13,128,15,2,5,11,4,31,1,30,1,0,4,9,1,4,0,1,0,0,2,1,1,0,0,0,0,0,1,1,1,0,0,0
2016-07-16,9,12,49,52,38,17,109,16,1,15,9,7,18,0,27,1,0,7,20,3,1,1,3,1,3,1,2,0,0,0,0,0,0,0,0,0,0,0,0
2016-07-17,0,8,39,43,39,3,89,18,3,6,7,4,18,1,26,0,0,3,11,0,5,0,3,0,0,1,0,1,1,0,0,0,0,1,0,0,0,0,0
2016-07-18,2,17,38,21,55,13,99,17,3,13,8,9,10,2,41,0,0,4,20,1,3,0,1,1,0,0,0,1,0,0,0,0,0,0,0,0,0,0,0
2016-07-19,3,16,49,38,56,2,109,21,6,9,15,3,19,3,19,2,0,4,24,0,6,0,1,0,0,5,0,1,0,0,0,0,0,1,0,0,0,0,0
2016-07-20,5,24,50,33,51,18,81,11,2,6,7,6,13,0,19,0,0,2,13,0,4,1,3,1,1,2,0,2,1,0,1,0,0,0,0,0,0,0,0
2016-07-21,5,11,48,23,41,19,105,27,5,6,14,8,20,2,24,1,0,4,10,0,4,2,4,0,0,0,0,1,1,0,1,0,0,0,1,0,0,0,0
2016-07-22,2,12,60,29,38,11,128,19,1,12,10,5,21,3,23,0,0,5,12,2,3,0,5,0,1,1,1,2,0,0,0,0,0,0,0,0,0,0,0
2016-07-23,2,9,51,24,46,7,134,13,2,9,12,4,21,1,27,0,0,3,12,2,6,0,8,1,0,2,2,1,0,0,0,0,0,0,0,0,0,0,0
2016-07-24,7,19,47,35,53,8,106,15,2,12,5,6,16,0,25,1,0,8,13,0,4,0,0,0,1,2,2,1,0,0,0,0,0,1,0,0,0,0,0
2016-07-25,5,14,43,27,41,11,115,15,2,4,4,6,16,1,27,1,0,6,13,1,7,0,1,1,2,7,0,2,1,0,1,0,0,0,0,0,0,0,0
2016-07-26,6,20,40,30,41,12,110,16,3,5,13,9,19,5,35,0,0,3,10,1,7,0,0,1,0,2,1,3,0,0,0,0,0,0,1,0,0,1,0
2016-07-27,6,25,52,28,45,13,107,18,2,20,8,14,24,4,26,1,0,2,17,4,7,0,2,0,0,3,0,3,0,0,0,0,0,1,0,1,0,0,0
2016-07-28,0,15,42,39,43,6,122,12,1,10,10,5,25,1,33,0,0,2,9,3,4,0,1,0,0,0,0,1,0,1,0,0,0,0,0,1,0,1,0
2016-07-29,6,6,41,30,52,15,119,20,0,10,6,3,21,1,28,2,0,4,15,2,8,0,0,1,1,2,2,1,0,0,0,0,0,0,1,0,0,0,0
2016-07-30,2,17,46,36,41,5,136,14,0,12,8,14,18,2,27,0,0,1,26,0,3,1,2,0,1,2,0,0,4,0,0,0,0,0,0,0,0,0,0
2016-07-31,3,17,55,41,49,8,126,15,7,11,5,6,17,2,28,0,1,5,10,1,6,0,2,1,0,3,1,0,0,0,1,0,0,0,0,0,0,0,0
2016-08-01,5,18,66,37,61,12,127,20,6,14,13,13,25,0,24,3,0,2,20,4,3,0,3,0,1,2,0,1,2,1,0,0,1,0,0,0,0,0,0
2016-08-02,5,24,45,34,41,12,102,14,0,9,9,11,20,3,23,3,0,3,12,2,1,0,0,0,1,2,0,1,2,0,0,0,0,0,0,0,0,0,0
2016-08-03,8,13,52,27,63,12,119,9,2,7,6,17,10,2,24,1,1,4,10,0,3,0,0,0,1,1,2,2,0,0,0,0,0,1,0,0,0,0,0
2016-08-04,5,20,39,25,36,10,95,11,0,5,11,20,15,3,21,1,0,7,17,1,1,0,4,0,0,1,1,3,0,0,0,0,0,2,0,0,0,0,0
2016-08-05,5,21,54,40,63,6,122,21,2,6,9,11,19,3,20,0,0,7,19,2,4,0,2,0,0,3,0,3,0,0,1,0,0,0,0,0,0,0,0
2016-08-06,2,9,50,37,56,14,131,14,4,8,11,17,18,1,27,0,0,4,11,1,4,0,5,1,0,3,1,1,0,0,0,0,0,0,0,0,0,0,0
2016-08-07,4,10,47,35,49,11,120,7,1,8,4,21,16,3,27,0,0,1,17,1,8,0,1,0,0,1,3,1,1,0,1,0,2,0,0,0,0,0,0
2016-08-08,1,14,36,30,39,12,114,14,4,6,4,5,16,1,16,1,0,2,11,2,5,0,4,1,0,1,0,2,1,0,0,0,0,0,2,0,0,1,0
2016-08-09,6,12,38,43,59,11,102,15,1,6,2,12,22,5,19,0,0,2,11,1,3,0,3,0,1,1,1,1,3,0,0,0,0,0,0,0,0,0,0
2016-08-10,4,18,36,56,71,8,87,16,7,9,2,13,15,3,18,0,2,6,22,2,3,1,3,0,1,1,2,3,1,0,0,0,0,1,0,0,0,0,0
2016-08-11,3,19,45,33,66,15,99,20,2,13,8,20,22,0,24,4,0,6,7,0,3,0,1,0,0,2,1,2,1,0,1,0,0,1,0,0,0,0,0
2016-08-12,9,18,42,46,56,9,111,23,0,10,10,12,10,0,26,0,0,3,12,1,6,0,2,0,2,1,1,2,0,0,0,0,0,1,0,0,0,0,0
2016-08-13,7,19,44,43,58,8,137,18,1,11,9,13,19,1,15,0,0,7,8,0,5,0,2,0,1,1,1,3,0,0,0,0,0,0,0,0,0,0,0
2016-08-14,4,10,42,44,39,5,120,15,6,19,2,2,12,1,24,0,0,5,23,2,4,0,0,0,1,1,2,0,0,1,0,0,0,0,0,0,0,0,0
2016-08-15,5,9,41,44,54,10,95,21,1,5,5,3,18,2,32,0,0,5,13,1,4,0,0,0,0,2,0,4,0,0,0,0,0,0,0,0,0,0,0
2016-08-16,4,13,41,35,53,9,103,10,3,4,7,17,13,7,30,0,0,5,7,1,5,0,4,0,1,2,1,1,0,0,0,0,1,1,1,0,0,0,0
2016-08-17,1,15,37,32,47,6,102,16,2,9,4,12,21,3,23,0,0,3,19,0,6,0,2,0,0,4,3,5,0,0,0,0,2,0,0,0,0,0,0
2016-08-18,2,10,43,29,49,20,118,24,2,17,7,6,21,7,29,1,0,4,15,0,4,0,4,0,1,4,1,1,0,0,0,0,0,1,0,0,0,1,0
2016-08-19,3,14,49,34,52,11,103,13,1,7,6,10,23,1,25,2,0,6,13,1,3,0,4,0,1,1,1,0,2,0,0,0,0,0,0,0,0,0,0
2016-08-20,0,7,38,31,50,8,105,13,3,11,5,4,14,0,29,1,0,1,19,0,1,0,2,0,2,2,1,1,0,0,0,0,0,0,0,0,0,0,0
2016-08-21,4,18,46,34,50,9,110,16,7,13,10,13,25,1,22,0,0,5,10,4,6,0,6,0,1,3,0,2,1,0,0,0,1,0,1,0,0,0,0
2016-08-22,5,12,41,41,46,13,93,14,3,11,13,12,22,1,24,1,0,6,17,2,9,0,3,2,2,3,1,1,0,0,0,0,0,0,1,0,0,0,0
2016-08-23,10,22,42,40,67,19,97,14,0,8,12,14,12,3,25,0,0,3,14,1,3,0,5,0,1,1,1,1,0,0,0,0,0,0,0,0,0,0,0
2016-08-24,2,19,34,36,71,13,116,15,4,11,0,8,18,0,13,1,1,5,17,0,7,0,2,0,2,6,0,2,1,0,0,0,0,0,0,1,0,0,0
2016-08-25,5,17,51,19,64,8,89,22,2,11,11,19,20,1,15,0,43,3,18,0,5,0,5,1,1,2,0,5,1,0,0,0,0,0,0,1,0,1,0
2016-08-26,1,7,50,30,50,11,113,16,3,9,15,10,26,2,41,0,0,7,11,1,5,0,0,0,1,4,2,4,1,0,0,0,1,3,0,0,0,0,0
2016-08-27,2,14,43,53,46,8,112,13,1,6,6,15,21,0,26,1,2,2,12,3,4,0,1,0,0,3,0,3,0,0,0,0,0,1,0,0,0,0,0
2016-08-28,10,15,42,55,49,6,81,19,3,8,8,8,17,1,25,0,0,6,18,3,5,0,1,0,1,2,4,1,0,0,0,0,1,0,0,0,0,0,0
2016-08-29,4,16,52,32,58,13,116,10,3,11,11,10,8,0,24,2,2,7,15,1,5,0,0,2,0,3,1,5,1,0,0,0,0,1,0,0,0,0,0
2016-08-30,5,9,42,34,52,10,82,16,2,6,6,10,21,4,24,0,1,7,17,0,3,0,1,1,0,1,1,1,0,0,0,0,0,2,0,0,0,0,0
2016-08-31,8,18,44,35,69,13,100,13,2,10,7,11,23,1,22,0,0,8,16,0,8,0,0,1,1,3,2,1,0,0,0,0,0,1,0,0,0,1,0
2016-09-01,4,19,47,31,81,17,101,17,3,3,14,8,16,2,18,0,26,7,10,2,4,1,2,0,0,2,2,1,1,0,0,0,1,1,4,0,0,0,0
2016-09-02,4,22,57,41,74,25,111,22,1,10,6,12,12,0,40,0,1,5,20,1,5,1,6,1,2,2,3,1,1,0,0,0,1,2,0,0,0,0,0
2016-09-03,4,11,55,41,52,1,120,11,2,7,9,17,14,0,25,2,0,7,13,1,5,1,7,0,1,2,2,1,0,0,0,0,0,0,1,0,0,1,0
2016-09-04,10,9,27,40,47,15,127,16,4,7,7,12,16,1,23,0,0,8,16,1,5,0,1,0,2,1,4,1,0,0,0,0,0,0,0,0,0,1,0
2016-09-05,3,16,39,38,48,6,90,11,2,6,5,11,21,0,24,0,2,2,14,2,5,0,1,0,0,0,0,2,0,1,0,0,0,0,0,0,1,0,0
2016-09-06,3,22,44,32,51,10,118,16,3,14,10,18,13,1,23,0,2,6,18,2,3,0,2,0,1,3,0,2,1,0,0,0,0,0,0,0,0,0,0
2016-09-07,5,19,49,32,68,4,89,19,2,4,6,12,17,2,28,0,4,6,15,2,10,0,3,0,1,6,0,1,0,0,0,0,0,0,0,0,0,1,0
2016-09-08,6,17,38,38,40,16,118,13,3,8,11,7,16,1,19,1,0,7,13,2,5,0,3,1,0,1,2,2,0,0,0,0,0,0,0,0,0,0,0
2016-09-09,4,8,59,43,59,7,125,18,2,8,10,5,17,0,26,0,3,2,13,0,5,0,5,0,2,4,0,1,0,0,0,1,0,1,0,1,0,0,0
2016-09-10,4,15,58,37,58,12,108,21,2,15,8,5,19,1,20,0,1,5,21,3,2,1,8,0,0,2,1,2,0,0,0,0,0,0,0,0,0,0,0
2016-09-11,7,15,57,35,31,6,105,14,0,8,2,6,16,0,27,0,0,10,10,1,1,0,0,0,1,1,4,1,0,0,0,0,0,2,0,0,0,0,0
2016-09-12,3,15,59,22,46,7,122,16,1,3,5,18,15,1,23,0,0,2,9,1,8,0,2,0,2,2,0,0,0,0,0,0,0,0,0,0,0,1,0
2016-09-13,3,12,46,36,56,5,99,11,4,7,9,14,14,4,35,1,1,9,22,2,7,0,1,1,1,3,0,5,1,1,0,0,0,0,0,0,0,0,0
2016-09-14,5,16,43,40,63,8,100,21,2,4,3,4,13,3,22,0,0,9,16,0,3,0,5,1,0,2,0,3,0,1,0,0,0,1,0,0,0,0,0
2016-09-15,4,16,58,46,71,8,125,16,2,10,9,13,10,2,27,1,0,4,18,1,5,1,8,0,1,3,1,2,0,0,0,0,0,0,0,0,0,0,0
2016-09-16,4,14,56,51,47,19,118,19,3,9,9,5,13,1,29,0,0,2,13,5,8,0,0,0,0,2,0,3,0,1,0,0,1,0,0,1,0,0,0
2016-09-17,4,12,49,48,46,18,142,15,3,9,7,8,16,0,26,2,1,2,15,0,1,0,3,0,1,0,0,2,0,0,0,0,0,0,0,0,0,1,0
2016-09-18,8,18,45,49,41,10,129,12,4,13,7,5,18,1,23,0,0,8,16,1,3,0,5,0,1,1,0,1,0,0,0,0,0,0,0,0,0,0,0
2016-09-19,7,14,48,32,37,9,101,20,2,9,8,12,18,0,26,1,0,10,13,0,7,0,2,0,0,3,1,4,0,0,0,0,0,0,0,0,0,0,0
2016-09-20,2,17,37,41,51,10,94,24,6,9,5,15,11,2,23,1,1,5,11,3,9,0,2,0,0,5,0,1,0,0,0,0,0,1,0,0,0,0,0
2016-09-21,7,15,49,34,58,16,92,21,4,10,5,11,11,0,17,0,0,4,20,1,8,0,1,0,1,1,0,2,0,0,0,0,0,1,0,0,0,0,0
2016-09-22,3,11,36,50,46,9,98,20,4,8,7,7,30,0,20,2,34,6,23,0,9,0,4,0,0,0,1,2,0,0,0,0,0,0,0,1,0,0,0
2016-09-23,4,15,43,45,55,15,117,22,3,7,8,12,20,2,31,0,1,8,18,3,7,0,3,0,2,2,3,5,0,0,0,0,0,0,0,0,0,0,0
2016-09-24,7,15,61,43,59,16,122,15,0,6,6,12,21,2,25,0,0,6,19,0,7,0,1,0,0,3,0,1,0,0,0,0,0,0,0,0,0,0,0
2016-09-25,6,12,63,49,51,4,107,18,4,6,12,4,20,2,31,1,0,8,14,4,5,0,1,2,0,1,3,0,1,0,0,0,1,0,0,0,0,0,0
2016-09-26,5,13,45,47,60,11,109,16,2,7,2,9,16,4,24,1,0,4,27,2,3,0,4,1,1,4,0,1,0,0,0,0,0,0,1,0,0,0,0
2016-09-27,5,15,57,51,53,16,108,14,1,8,10,6,14,4,20,0,2,6,23,0,2,0,2,0,1,2,0,1,0,0,0,0,0,0,0,0,1,0,0
2016-09-28,7,20,69,34,51,5,134,20,4,12,4,10,12,2,25,0,1,6,17,0,6,0,1,1,0,1,1,1,0,0,0,0,0,0,0,0,0,0,0
2016-09-29,4,10,55,34,47,6,96,21,0,6,3,15,14,1,21,0,0,3,19,0,2,0,4,0,0,1,0,2,0,0,0,0,0,0,0,0,0,0,0
2016-09-30,6,15,46,39,56,22,132,20,0,9,10,4,20,1,27,1,0,7,22,0,5,0,3,0,1,2,2,2,1,0,0,0,0,0,0,0,0,0,0
2016-10-01,3,11,60,44,62,16,126,15,2,9,7,14,19,2,24,0,0,6,26,1,7,0,6,0,0,1,1,0,0,0,0,0,0,0,0,1,0,0,0
2016-10-02,6,10,53,26,48,14,101,14,2,11,4,9,18,1,20,0,0,3,16,0,5,0,0,0,0,1,0,0,1,1,0,0,0,0,1,0,0,0,0
2016-10-03,7,16,41,37,60,10,118,14,3,12,5,12,26,0,23,0,1,7,17,1,6,0,0,0,2,3,0,1,0,0,0,0,0,1,0,0,0,0,0
2016-10-04,6,16,66,20,69,14,115,13,1,14,6,13,27,0,15,0,0,8,21,1,3,0,2,0,0,1,0,2,1,0,0,0,1,1,0,0,0,0,0
2016-10-05,3,8,60,44,41,10,129,7,2,14,7,5,15,4,17,3,0,4,9,1,7,0,0,0,0,3,0,2,0,0,0,1,0,0,0,0,0,0,0
2016-10-06,7,8,43,29,56,14,131,13,1,8,7,11,17,1,20,1,0,6,14,2,6,0,5,0,0,3,1,4,0,0,0,0,0,1,0,0,0,0,0
2016-10-07,13,18,59,43,56,18,117,20,2,9,5,14,18,3,30,0,0,4,19,5,7,0,7,2,1,2,0,2,2,0,0,0,0,0,0,0,0,0,0
2016-10-08,8,24,70,49,62,18,126,27,1,14,10,23,24,2,22,0,0,6,21,2,10,0,3,1,1,1,3,1,0,1,0,0,0,1,0,0,0,0,1
2016-10-09,6,18,55,55,49,6,105,5,0,9,7,17,31,1,22,1,0,7,14,1,9,1,2,0,0,4,1,2,0,0,0,0,1,0,0,0,0,0,0
2016-10-10,6,30,39,40,87,7,98,15,10,7,6,28,17,2,23,0,1,10,19,0,4,0,2,0,0,3,4,1,0,0,0,0,0,0,0,0,0,0,0
2016-10-11,1,15,53,25,56,24,96,16,1,6,4,7,22,2,23,0,0,10,17,1,8,1,1,0,1,4,2,1,0,1,1,0,0,3,0,0,0,0,0
2016-10-12,9,25,46,30,68,19,101,15,5,5,7,21,18,6,23,1,2,6,24,0,6,0,0,4,0,4,0,1,0,0,0,2,0,0,0,0,0,0,0
2016-10-13,8,27,53,38,54,12,117,11,1,5,3,18,14,1,28,0,37,7,12,0,5,0,2,1,0,3,0,0,2,0,0,0,0,1,1,0,0,0,0
2016-10-14,3,11,49,34,51,13,141,13,1,12,8,7,20,4,24,1,6,8,12,1,6,0,3,1,0,2,2,0,1,0,0,0,0,0,0,0,0,0,0
2016-10-15,0,16,58,42,28,15,133,13,0,9,4,10,13,1,27,0,5,5,22,4,4,0,8,1,0,2,0,1,1,0,0,0,1,0,0,0,0,0,0
2016-10-16,7,17,39,40,50,8,120,15,1,5,5,15,11,0,35,1,0,3,16,0,8,0,4,0,1,4,0,0,0,0,0,0,0,0,0,0,0,0,0
2016-10-17,15,15,35,43,54,11,131,14,1,10,11,7,15,2,28,1,0,8,13,0,5,0,0,0,0,3,1,1,0,0,0,0,0,0,0,0,0,0,0
2016-10-18,6,19,47,23,56,3,99,17,1,13,3,19,18,4,19,1,1,5,21,2,8,1,4,0,1,4,1,1,2,1,0,0,0,0,0,0,0,1,0
2016-10-19,7,15,42,33,65,9,118,16,2,6,11,17,18,1,17,1,0,10,17,2,7,0,1,0,0,1,0,5,0,0,0,0,0,0,1,0,0,1,0
2016-10-20,5,20,44,39,45,17,103,14,2,6,10,18,23,1,28,2,0,10,24,1,3,0,2,0,0,2,1,1,0,0,0,0,0,0,0,0,0,1,0
2016-10-21,3,12,41,30,49,9,134,16,2,9,5,12,30,0,26,0,0,6,20,3,3,0,3,0,0,0,1,0,0,0,1,0,0,0,1,0,0,0,0
2016-10-22,5,12,50,47,47,6,128,17,2,10,5,5,23,1,26,0,0,6,14,1,3,0,3,1,0,1,0,1,0,0,1,0,0,0,0,0,0,0,0
2016-10-23,6,9,40,31,47,14,102,14,3,10,4,8,18,2,41,1,0,3,11,0,2,0,0,0,2,2,0,0,0,0,0,0,0,0,1,0,0,0,0
2016-10-24,2,13,38,28,62,8,140,18,1,10,8,12,24,1,22,2,1,4,13,1,1,0,1,0,3,2,0,2,0,0,0,0,0,0,0,0,0,0,0
2016-10-25,5,19,39,38,56,16,123,18,5,3,8,17,14,1,25,1,0,5,18,0,8,0,1,2,1,1,0,4,0,0,0,0,0,0,0,1,0,0,0
2016-10-26,5,11,48,40,47,11,129,16,6,10,8,11,13,2,28,1,0,3,24,2,9,0,2,1,0,5,0,0,3,0,0,0,0,1,0,0,0,0,0
2016-10-27,3,11,54,45,55,7,121,17,2,11,4,19,16,4,24,0,0,6,19,0,8,0,7,1,2,2,3,3,0,0,0,0,0,1,0,0,0,0,0
2016-10-28,3,7,54,46,48,20,151,12,0,8,4,7,20,1,35,0,0,6,17,2,5,0,1,0,0,4,1,1,0,1,0,0,0,1,0,0,0,1,0
2016-10-29,5,19,40,33,44,16,133,15,2,13,7,10,15,2,29,1,1,4,18,4,4,0,3,0,1,3,1,1,0,0,0,0,0,0,1,0,0,0,0
2016-10-30,5,6,44,44,36,18,133,14,2,19,10,5,29,1,29,0,1,4,18,3,3,1,5,1,0,0,1,0,0,0,0,0,0,0,0,0,0,0,0
2016-10-31,8,11,35,53,56,14,131,15,2,15,13,9,16,4,33,1,0,6,14,0,7,0,5,0,1,2,0,5,0,1,0,0,0,0,0,1,0,0,0
2016-11-01,5,16,48,44,69,12,99,7,3,10,8,15,25,1,19,0,0,10,24,1,8,0,9,0,3,6,2,6,3,1,0,0,0,0,0,0,0,0,0
2016-11-02,8,13,40,40,52,13,92,15,7,2,10,13,29,3,33,0,0,8,25,0,6,0,2,0,1,4,0,2,0,0,0,0,0,0,0,0,0,0,0
2016-11-03,2,18,53,46,55,18,108,19,3,13,5,18,17,2,27,1,0,9,18,1,4,1,2,1,1,2,0,1,0,0,0,0,0,1,0,0,0,0,0
2016-11-04,10,10,59,43,63,10,133,13,3,11,12,14,19,4,29,0,2,7,19,0,2,1,4,0,0,2,0,1,0,0,0,0,0,0,0,0,0,0,0
2016-11-05,2,13,46,50,47,12,121,9,2,5,3,10,18,3,31,2,0,4,16,2,4,0,1,0,0,3,0,1,0,1,0,0,0,1,0,0,0,0,0
2016-11-06,2,11,56,41,40,14,119,16,0,12,2,10,14,1,30,1,0,7,15,0,7,0,1,0,1,2,3,1,2,0,1,0,1,0,0,0,0,0,0
2016-11-07,5,7,39,27,47,13,119,7,1,8,3,7,12,2,27,0,0,10,22,0,3,0,3,0,0,1,0,1,0,0,0,0,0,0,1,0,0,0,0
2016-11-08,2,13,44,38,67,23,100,12,5,12,4,10,18,2,29,0,0,5,16,2,6,0,5,0,0,6,1,0,0,0,0,0,0,0,0,0,0,0,0
2016-11-09,3,12,46,28,50,15,107,15,1,10,7,8,26,3,22,3,0,4,15,0,10,0,0,1,0,6,1,2,0,0,0,0,1,1,0,0,0,0,0
2016-11-10,5,7,35,56,41,17,118,15,1,14,8,6,23,2,31,0,4,2,24,1,5,0,9,0,5,4,2,2,1,0,0,0,0,0,1,0,0,0,0
2016-11-11,12,9,46,48,57,25,113,20,3,9,5,18,16,0,32,0,0,6,17,0,7,0,4,0,0,1,1,0,0,1,1,0,1,0,0,0,0,0,0
2016-11-12,8,11,46,50,72,10,136,17,2,13,8,9,21,6,27,1,0,6,17,0,3,0,3,0,2,1,3,2,0,0,0,0,0,1,0,0,0,0,0
2016-11-13,2,7,30,28,47,10,115,13,1,8,5,5,16,2,18,1,2,3,18,3,2,0,5,0,0,2,0,1,1,1,0,0,0,0,0,0,0,0,0
2016-11-14,8,18,34,38,50,15,106,15,0,10,9,11,19,2,21,2,0,5,19,0,7,0,0,0,1,2,0,1,1,0,0,0,0,0,0,0,0,0,0
2016-11-15,13,17,47,44,61,9,124,19,2,10,13,15,14,6,17,3,0,9,26,1,8,0,4,0,1,7,0,0,2,0,0,0,0,0,0,0,0,0,0
2016-11-16,6,15,47,49,47,19,121,18,1,12,6,10,19,3,22,0,1,9,15,0,15,0,1,2,0,4,0,1,0,1,0,0,0,0,0,0,0,0,0
2016-11-17,5,14,45,39,51,8,131,20,1,5,5,10,14,2,27,1,0,9,23,2,10,1,3,0,1,4,0,1,0,0,0,0,2,0,0,0,0,0,0
2016-11-18,5,17,49,45,64,7,126,19,4,9,6,14,26,5,19,5,34,5,17,1,1,0,2,0,1,1,2,2,2,0,0,0,0,1,0,0,0,0,0
2016-11-19,4,11,35,45,43,18,123,11,2,13,13,12,23,1,24,2,0,5,13,1,2,0,5,0,2,3,2,1,0,0,0,0,0,2,1,0,0,0,0
2016-11-20,8,10,46,35,66,3,116,13,4,8,3,15,22,2,31,0,0,4,18,2,3,0,0,0,0,0,2,1,0,0,0,0,2,0,0,0,0,0,0
2016-11-21,4,10,53,26,50,13,115,17,2,16,7,6,14,4,22,1,0,10,14,0,5,0,4,0,2,3,1,3,0,0,0,0,0,0,0,0,0,0,0
2016-11-22,6,13,48,42,54,26,118,10,0,15,5,11,20,0,18,1,0,3,24,1,6,0,2,0,0,2,1,1,0,0,0,0,0,0,0,0,0,0,0
2016-11-23,5,15,45,34,48,13,115,20,2,11,6,16,27,3,33,2,1,2,13,0,9,0,0,0,1,4,2,0,0,0,0,1,0,0,0,0,0,0,0
2016-11-24,6,12,31,32,34,8,82,18,2,3,6,8,12,1,27,0,0,7,16,1,5,0,0,2,2,3,0,1,0,0,0,0,0,0,0,0,0,0,0
2016-11-25,7,17,50,43,66,23,140,11,1,11,10,10,18,5,22,1,0,6,11,1,6,0,1,2,0,2,1,3,0,0,0,0,0,0,0,0,0,0,0
2016-11-26,5,15,48,38,68,4,127,20,3,7,6,10,21,1,36,0,0,4,14,0,11,0,4,0,2,3,1,1,1,0,0,0,2,0,0,0,0,0,0
2016-11-27,4,13,40,36,53,15,111,14,4,11,5,11,21,2,34,1,0,6,15,1,6,0,2,0,2,1,0,0,0,0,1,0,0,0,0,0,0,0,0
2016-11-28,2,18,42,35,51,11,97,10,3,11,9,10,20,3,27,0,1,4,18,2,4,0,4,1,0,2,3,1,0,0,0,0,2,0,1,0,0,0,0
2016-11-29,10,14,48,36,67,15,110,25,3,8,7,8,13,5,24,3,0,6,15,0,8,0,3,1,0,2,0,4,0,0,0,2,0,0,0,0,0,0,0
2016-11-30,4,9,38,28,57,14,115,10,1,6,4,5,29,3,20,1,0,4,11,0,5,1,1,0,0,1,1,1,0,0,1,0,0,1,1,0,0,0,0
2016-12-01,2,16,51,35,63,14,113,14,1,9,10,7,13,5,19,1,44,4,28,1,5,0,0,0,1,2,2,3,1,0,0,0,0,0,0,0,0,1,0
2016-12-02,5,15,62,43,52,16,139,13,3,7,9,8,17,1,29,0,0,5,16,0,4,0,1,0,1,0,3,0,0,0,0,0,1,0,1,1,0,0,0
2016-12-03,3,15,35,40,34,9,118,8,3,12,2,12,23,0,22,1,2,5,17,2,8,0,1,0,0,2,1,0,1,0,1,0,0,0,0,0,0,0,0
2016-12-04,5,9,54,20,49,9,124,18,2,12,8,6,21,1,33,1,0,5,12,2,3,0,3,0,1,0,2,4,1,0,0,0,2,0,0,0,0,0,0
2016-12-05,4,12,46,39,52,12,120,13,3,9,3,12,24,4,28,2,0,5,16,1,7,0,2,0,0,0,0,0,1,1,0,0,0,1,0,0,0,0,0
2016-12-06,4,14,46,32,52,12,137,20,2,8,2,12,23,1,30,1,0,6,13,0,10,0,1,0,0,3,0,3,0,0,0,0,0,0,0,0,0,1,0
2016-12-07,3,13,39,27,46,8,114,11,2,7,9,5,26,0,18,1,1,6,20,1,3,0,0,0,2,0,0,1,1,1,0,0,0,0,0,0,0,0,0
2016-12-08,3,9,43,37,37,8,89,24,2,11,7,6,16,2,36,2,0,4,19,1,2,0,6,1,2,1,1,2,0,0,0,0,0,0,0,0,0,0,0
2016-12-09,1,15,47,38,44,10,151,11,0,11,5,9,17,2,20,1,0,3,14,1,8,0,0,0,0,1,1,0,0,0,0,0,0,0,1,0,0,0,0
2016-12-10,1,5,52,53,40,10,141,15,0,13,5,6,15,0,38,1,0,1,10,3,5,0,6,0,3,2,2,0,1,0,0,0,1,0,0,1,0,0,0
2016-12-11,8,7,37,45,52,7,134,21,2,18,8,8,18,1,35,1,0,3,20,1,4,0,2,0,2,5,3,0,0,1,0,0,0,0,0,0,0,0,0
2016-12-12,3,21,47,43,72,4,114,18,5,9,8,11,16,2,34,0,0,9,16,0,7,0,0,0,0,0,0,2,0,0,0,0,0,2,2,0,0,0,0
2016-12-13,4,15,44,47,48,14,121,16,2,10,5,10,18,3,25,0,0,5,18,0,3,0,2,0,1,0,0,3,0,0,0,0,2,0,0,0,0,0,0
2016-12-14,6,22,63,44,58,19,128,28,3,7,10,19,31,1,24,0,0,9,18,3,5,0,1,0,1,3,0,2,0,0,0,0,1,0,1,0,0,0,0
2016-12-15,4,10,47,39,46,12,140,17,0,6,9,5,15,4,23,1,0,3,13,2,3,0,4,1,0,1,1,3,0,0,1,0,0,0,0,0,0,0,0
2016-12-16,2,17,64,35,61,9,157,22,3,12,4,10,21,3,30,1,0,4,15,0,1,0,1,0,0,1,1,0,1,1,0,0,1,0,0,0,0,0,0
2016-12-17,2,11,50,44,39,12,131,21,0,8,7,7,16,1,28,0,0,6,15,2,3,0,0,1,1,3,3,1,0,1,2,0,0,0,1,0,0,0,0
2016-12-18,0,17,53,25,38,11,101,15,4,9,4,13,16,1,22,2,0,3,15,3,8,0,1,0,0,0,0,1,0,0,0,0,0,1,0,0,0,0,0
2016-12-19,3,17,62,28,48,5,126,25,2,7,4,10,31,5,22,1,0,4,18,2,5,0,2,0,0,1,1,0,3,0,0,0,0,0,0,0,0,0,0
2016-12-20,5,12,42,31,68,11,149,21,4,13,2,11,14,2,24,0,0,3,23,1,7,0,1,3,1,3,2,3,0,0,0,0,0,3,0,0,0,0,0
2016-12-21,2,18,49,40,57,13,94,16,4,8,3,14,22,3,14,1,0,7,17,1,6,0,1,0,0,2,4,2,2,0,0,0,0,0,0,0,0,0,0
2016-12-22,8,26,52,36,64,24,132,21,1,14,8,19,10,1,23,0,1,3,12,2,9,0,3,2,0,0,0,2,1,0,0,0,0,2,0,0,0,0,0
2016-12-23,7,16,49,35,55,7,128,25,4,9,9,7,12,1,41,0,0,2,19,3,5,0,2,0,0,0,1,3,0,0,1,0,1,1,0,0,0,0,0
2016-12-24,6,12,38,38,37,3,123,20,2,7,4,7,14,1,29,1,0,5,14,0,7,0,0,0,0,0,1,0,1,0,0,0,0,0,1,0,0,0,0
2016-12-25,2,3,33,30,23,2,62,13,3,7,3,4,15,0,10,0,0,2,11,1,0,0,0,0,0,0,2,0,0,0,0,0,0,0,0,0,0,0,0
2016-12-26,4,14,26,25,63,11,93,18,0,7,12,10,9,0,24,2,1,4,22,2,5,0,1,1,2,0,0,1,0,0,0,0,0,0,0,0,0,0,0
2016-12-27,6,19,32,36,56,11,132,14,1,10,9,19,22,3,29,0,0,4,18,2,6,0,0,3,1,2,1,1,1,0,0,0,0,0,0,0,0,0,0
2016-12-28,4,14,49,29,47,4,112,17,2,13,6,11,11,2,41,1,0,2,18,2,6,0,1,0,1,1,0,0,1,0,0,0,0,1,0,0,0,0,0
2016-12-29,3,19,51,38,45,7,135,17,0,6,5,13,12,5,26,0,0,3,21,3,4,0,1,1,1,1,3,3,1,1,0,0,0,0,0,0,0,0,0
2016-12-30,2,14,47,42,58,14,140,6,4,7,4,4,18,2,24,0,0,5,16,2,4,0,3,0,1,0,1,0,0,0,0,0,1,1,0,0,0,0,0
2016-12-31,3,17,66,42,60,15,135,11,2,10,9,11,21,3,32,0,0,5,15,3,6,1,3,0,0,1,5,0,0,0,0,0,0,2,0,0,0,0,0
