,Unnamed: 0,mode,year,acousticness,danceability,duration_ms,energy,instrumentalness,liveness,loudness,speechiness,tempo,valence,popularity,key,normalized_popularity,normalized_tempo,normalized_duration_ms,dance.,speech.,live.,acoust.,ntempo,instru.,ndur.
0,0,1,1921,0.8868960000000005,0.4185973333333336,260537.16666666663,23.18151333333333,0.34487805886666656,0.20571,-17.04866666666665,0.073662,101.53149333333329,37.93266666666666,0.6533333333333333,2,0.7870425850017765,0.02765003037478431,0.9355514120927716,41.85973333333336,7.366200000000001,20.571,88.68960000000004,2.765003037478431,34.487805886666656,93.55514120927715
1,1,1,1922,0.9385915492957748,0.4820422535211267,165469.74647887325,23.781535211267602,0.4341948697183099,0.2407197183098592,-19.275281690140844,0.1166549295774648,100.88452112676056,53.55492957746479,0.14084507042253522,10,0.0,0.0,0.07751251098711902,48.204225352112665,11.66549295774648,24.07197183098592,93.85915492957749,0.0,43.41948697183099,7.751251098711902
2,2,1,1923,0.9572467913513516,0.5773405405405401,177942.36216216214,26.24064864864865,0.37173272502702703,0.2274621621621621,-14.129210810810811,0.0939486486486487,114.0107297297297,62.54924324324328,5.389189189189189,0,8.060029119012132,0.5609824701751751,0.1900851403238775,57.734054054054006,9.39486486486487,22.74621621621621,95.72467913513516,56.09824701751751,37.1732725027027,19.00851403238775
3,3,1,1924,0.940199860169493,0.5498940677966102,191046.70762711862,34.43466101694912,0.5817009136440677,0.2352190677966101,-14.231343220338989,0.09208940677966099,120.68957203389822,66.3725423728814,0.6610169491525424,10,0.7988425291061809,0.8464200681160918,0.3083594993024735,54.989406779661024,9.2089406779661,23.52190677966101,94.0199860169493,84.64200681160918,58.17009136440677,30.835949930247352
4,4,1,1925,0.9626070503597138,0.5738633093525181,184986.92446043165,27.85935251798561,0.4182973612230215,0.2376679856115108,-14.14641366906474,0.11191798561151084,115.52192086330929,62.19287769784171,2.6043165467625897,5,3.783222171381299,0.6255671313415789,0.2536664227573056,57.386330935251806,11.191798561151083,23.76679856115108,96.26070503597138,62.556713134157896,41.82973612230215,25.366642275730563
5,5,1,1926,0.660817216981134,0.5998802612481859,156881.65747460088,21.14670907111756,0.3330931111175616,0.2323695936139332,-18.492538461538466,0.4837036284470243,109.64803265602328,43.691045718432505,1.4223512336719883,9,1.9680449220260707,0.374531328412866,0.0,59.988026124818596,48.37036284470243,23.23695936139332,66.0817216981134,37.4531328412866,33.30931111175616,0.0
6,6,1,1927,0.9361794552845558,0.6482682926829262,184993.59837398367,26.43213008130081,0.3913284986504065,0.16845024390243893,-14.422373983739831,0.11360959349593502,114.84652357723554,65.97004878048782,0.8016260162601626,7,1.0147798132549335,0.5967022816845687,0.25372665871867844,64.82682926829261,11.360959349593502,16.845024390243893,93.61794552845558,59.67022816845687,39.13284986504065,25.372665871867845
7,7,1,1928,0.9386165035685952,0.5342878667724027,214827.90642347344,20.79477954004757,0.4948354801348136,0.17528937351308488,-17.191982553528927,0.15991149881046796,106.77226169706593,49.57126883425853,1.5257731958762886,1,2.126872927211813,0.2516278194857714,0.5229986852811351,53.42878667724027,15.991149881046795,17.52893735130849,93.86165035685951,25.16278194857714,49.48354801348136,52.299868528113514
8,8,1,1929,0.6014265861344558,0.6476698529411761,168999.41281512607,24.180073529411718,0.21520403106092464,0.2360002100840333,-16.530376050420152,0.4900007352941176,110.94835714285715,63.652983193277336,0.3403361344537815,7,0.3063640166667295,0.4301040581109396,0.10936980782388388,64.7669852941176,49.00007352941176,23.60002100840333,60.142658613445576,43.01040581109396,21.520403106092463,10.936980782388387
9,9,1,1930,0.936714937370057,0.5181758835758836,195150.28534303536,33.35239189189189,0.35220592816528057,0.22131086278586296,-12.869221413721428,0.11990966735966745,109.87119438669428,61.623762993763066,0.9267151767151768,2,1.2068827418977157,0.3840687220889098,0.3453966809890229,51.81758835758836,11.990966735966744,22.131086278586295,93.67149373700569,38.40687220889098,35.220592816528054,34.53966809890229
10,10,1,1931,0.8330399585921336,0.5952217391304357,171553.42546583852,23.44967732919257,0.22141964161490724,0.22742795031055896,-16.51609420289853,0.4536189440993791,109.02528157349907,51.31170807453418,0.17080745341614906,0,0.046014071093393304,0.3479164504122476,0.13242126124397602,59.522173913043574,45.36189440993791,22.742795031055895,83.30399585921336,34.79164504122476,22.141964161490723,13.242126124397602
11,11,1,1932,0.9357705179282878,0.5577976095617526,195749.3725099601,30.20677290836656,0.22635657916334675,0.23249621513944224,-13.364055776892426,0.1390073705179282,115.11980079681273,58.81599601593626,2.151394422310757,7,3.0876569742226025,0.6083814903820698,0.3508037919988641,55.77976095617526,13.900737051792818,23.249621513944223,93.57705179282878,60.83814903820698,22.635657916334676,35.08037919988641
12,12,1,1933,0.899897909117222,0.57029030390738,196219.25759768448,27.989942112879877,0.1839489396816208,0.2090719247467437,-13.06900868306802,0.09112315484804634,112.522,59.940998552821966,6.898697539797395,7,10.378223388665555,0.4973577551894574,0.3550447789060561,57.029030390738,9.112315484804634,20.907192474674368,89.9897909117222,49.735775518945744,18.39489396816208,35.504477890605614
13,13,1,1934,0.8911487501730107,0.528705882352941,189356.1262975779,26.213131487889278,0.276382266643599,0.21345259515570927,-14.756875432525954,0.10245692041522483,115.39084602076124,55.880467128027725,1.2577854671280275,0,1.7153166632989016,0.6199653089742435,0.2931010170236506,52.8705882352941,10.245692041522483,21.345259515570927,89.11487501730106,61.99653089742435,27.638226664359898,29.31010170236506
14,14,1,1935,0.7783855599472987,0.5558691699604746,220124.24703557312,24.636697628458478,0.2258732980895915,0.2292998682476943,-15.41474967061924,0.3539123847167326,110.66795652173931,54.557779973649566,1.5013175230566536,7,2.089315665227702,0.4181204124268572,0.5708012476070113,55.586916996047464,35.39123847167326,22.92998682476943,77.83855599472987,41.81204124268572,22.58732980895915,57.08012476070113
15,15,1,1936,0.7723120800000008,0.5580055454545453,220809.1863636364,30.838860927272737,0.2571099957181816,0.2214382727272726,-14.612999090909069,0.27902936363636377,109.88875454545445,56.40635454545455,5.080909090909091,10,7.586594734238326,0.3848192008856368,0.5769832244316114,55.80055454545453,27.90293636363638,22.14382727272726,77.23120800000008,38.48192008856368,25.71099957181816,57.698322443161146
16,16,1,1937,0.8654357853881286,0.5421572298325723,223216.5585996956,31.104829528158273,0.3270876216438359,0.2259677321156773,-13.11514307458143,0.08567884322678843,115.2632222222222,58.57894977168944,3.328767123287671,7,4.895781220472282,0.6145109758973349,0.5987111626032808,54.21572298325723,8.567884322678843,22.59677321156773,86.54357853881287,61.45109758973349,32.70876216438359,59.87111626032808
17,17,1,1938,0.9192803908646014,0.47997797716150103,249177.09951060358,28.098123980424162,0.3784246349265906,0.237111092985318,-14.290582381729198,0.095957259380098,111.6253278955954,51.491110929853164,2.0962479608482867,0,3.0029670081800472,0.4590361539349807,0.8330201819424208,47.9977977161501,9.5957259380098,23.7111092985318,91.92803908646015,45.90361539349807,37.842463492659064,83.30201819424208
18,18,1,1939,0.9087381000000004,0.5126828,221602.065,28.26715000000002,0.2776824694100001,0.2391015999999999,-13.900570000000005,0.1284626999999999,113.174592,55.99248999999992,4.36,0,6.479474443838372,0.5252479619696344,0.584139416453144,51.26828,12.84626999999999,23.910159999999987,90.87381000000005,52.52479619696344,27.768246941000008,58.4139416453144
19,19,1,1940,0.8476440499999951,0.52189235,182227.9445,31.08928949999999,0.31684869986499986,0.26433510000000043,-13.684048000000017,0.2429576500000001,108.44933449999992,61.67094700000008,0.93,7,1.2119273370552273,0.3233018627765892,0.228765019850348,52.189235000000004,24.29576500000001,26.433510000000044,84.76440499999951,32.33018627765892,31.684869986499987,22.8765019850348
20,20,1,1941,0.8957376562500025,0.4804813541666676,201904.575,26.56431979166666,0.4449516393124999,0.20183989583333312,-15.755536458333326,0.09136520833333356,107.91512291666668,47.94560416666661,1.3572916666666666,7,1.868131122041393,0.3004709492448107,0.4063580835763981,48.04813541666676,9.136520833333355,20.18398958333331,89.57376562500025,30.047094924481073,44.49516393124999,40.63580835763981
21,21,1,1942,0.8529343703923857,0.4646338882282997,222361.16825208085,25.607947086801442,0.3928820478715809,0.2128784185493456,-15.029032104637349,0.08367835909631392,106.00839774078482,47.740885850178486,1.1266349583828774,7,1.5139051522511893,0.21898211789487704,0.5909907659370633,46.46338882282997,8.367835909631392,21.287841854934562,85.29343703923857,21.898211789487704,39.28820478715809,59.099076593706336
22,22,1,1943,0.9027523185915528,0.4551456338028168,240119.9098591549,27.999004225352113,0.4098969234647892,0.2392107042253525,-13.60212535211268,0.10571957746478874,106.19679154929578,49.54545070422531,1.1816901408450704,5,1.598454938575429,0.2270336145045138,0.7512737640814641,45.51456338028168,10.571957746478875,23.92107042253525,90.27523185915528,22.70336145045138,40.98969234647892,75.1273764081464
23,23,1,1944,0.9076531914893636,0.5001744680851068,245555.58643617012,25.344144946808523,0.4492919654122334,0.2387719414893616,-14.58205585106382,0.17328324468085093,105.96392952127657,54.06954787234041,3.1928191489361697,10,4.687002107070451,0.21708165353547434,0.8003339147376481,50.01744680851068,17.328324468085093,23.87719414893616,90.76531914893636,21.708165353547436,44.929196541223334,80.03339147376481
24,24,1,1945,0.7096568630000005,0.5191431500000011,196161.557,22.60444155,0.2758942570149996,0.2030099500000001,-16.9814715,0.3050972999999997,108.32407049999986,49.13613500000002,2.1265,0,3.049425912351446,0.31794838179289064,0.3545239973666756,51.91431500000011,30.50972999999997,20.30099500000001,70.96568630000006,31.794838179289066,27.58942570149996,35.45239973666756
25,25,1,1946,0.9199445823665852,0.4144450116009276,267677.82308584685,22.217230858468668,0.4861264096461711,0.2108183294663576,-16.921774361948952,0.08800591647331797,103.1645551044084,39.825382830626474,1.65661252900232,7,2.327806557142269,0.09744314840272217,1.0,41.44450116009276,8.800591647331798,21.08183294663576,91.99445823665852,9.744314840272217,48.61264096461711,100.0
26,26,1,1947,0.9139650224242392,0.4713208484848491,233137.38424242425,26.35512000000002,0.3475934179090908,0.22382939393939366,-14.377607878787892,0.10056381818181824,108.991026060606,50.82125454545455,1.6157575757575755,7,2.2650644607101653,0.346452452481,0.6882523988725769,47.132084848484915,10.056381818181825,22.382939393939367,91.39650224242392,34.6452452481,34.75934179090908,68.8252398872577
27,27,1,1948,0.9221549999999956,0.4633694736842109,199194.87421052632,24.2464841052632,0.3554848223842104,0.21969357894736785,-15.505407368421027,0.1643593157894739,108.05836105263157,46.21423684210526,1.5273684210526317,0,2.129322759212488,0.3065926014116593,0.38190145392207137,46.336947368421086,16.43593157894739,21.969357894736785,92.21549999999957,30.659260141165927,35.548482238421045,38.190145392207135
28,28,1,1949,0.9075328949999956,0.4421993999999996,223199.3275,24.611461499999965,0.2977615361899994,0.2088585500000004,-15.525844999999983,0.10299210000000003,108.87313549999992,43.041950000000014,3.9389999999999996,0,5.832932947641373,0.3414140944981642,0.5985556418810561,44.21993999999996,10.299210000000002,20.88585500000004,90.75328949999955,34.141409449816415,29.77615361899994,59.85556418810562
29,29,1,1950,0.8539413005999965,0.5042531000000008,215073.1255,31.40711950000003,0.245000820015,0.2169584000000004,-13.863834499999962,0.1534527499999999,111.74972499999987,55.16497000000001,3.2065,7,4.708012173379375,0.4643525858935335,0.5252119304342839,50.42531000000008,15.345274999999988,21.69584000000004,85.39413005999965,46.43525858935335,24.5000820015,52.5211930434284
30,30,1,1951,0.9022971956499974,0.4624800999999999,213154.641,25.466565500000005,0.3084378555850002,0.21777739999999995,-15.812066000000033,0.10850664999999993,109.62587199999994,44.134755,3.1495,0,4.620475676269568,0.3735842354683078,0.5078964891514922,46.24800999999999,10.850664999999992,21.777739999999994,90.22971956499974,37.358423546830785,30.84378555850002,50.78964891514922
31,31,1,1952,0.8743009244999965,0.4570322000000001,229434.72699999998,25.362601000000023,0.2884126469300002,0.2329722999999998,-15.95886600000001,0.1373617999999998,108.23228049999986,44.31349620499995,3.338,0,4.90996040793972,0.3140254987658958,0.6548337582364393,45.70322000000001,13.736179999999981,23.29722999999998,87.43009244999965,31.402549876589582,28.841264693000017,65.48337582364393
32,32,1,1953,0.8909223502564074,0.4374260512820513,217455.5682051282,26.61968307692306,0.3183223943230766,0.22173405128205104,-15.499134871794872,0.09008825641025647,110.02556666666672,42.91420512820513,3.5046153846153847,0,5.165836322568388,0.3906662206937942,0.5467148650528658,43.74260512820513,9.008825641025647,22.173405128205104,89.09223502564075,39.06662206937942,31.832239432307656,54.67148650528658
33,33,1,1954,0.8650197272999992,0.4656388999999994,224029.36800000002,26.434738499999998,0.2974400082799999,0.2178411499999996,-15.408004500000025,0.10481329999999993,108.71309249999992,45.23410500000002,7.987,0,12.049559970457164,0.3345742430079221,0.6060472413910281,46.563889999999944,10.481329999999993,21.78411499999996,86.50197272999992,33.45742430079221,29.74400082799999,60.60472413910281
34,34,1,1955,0.8405510069999986,0.4881312,222137.44600000003,29.509634000000013,0.21660442169000027,0.2214353500000001,-13.842262000000035,0.0895582,111.02127950000023,47.24154999999997,10.1445,5,15.362893172464345,0.433220583627064,0.5889715421593578,48.81312,8.955820000000001,22.143535000000007,84.05510069999987,43.3220583627064,21.660442169000028,58.89715421593578
35,35,1,1956,0.8230569899999975,0.4878145000000007,211846.9215,30.476112000000015,0.2387634177800001,0.18225715000000026,-14.175195500000005,0.062312349999999926,112.20603900000013,50.84230500000003,15.785,0,24.025167066286603,0.4838543447515908,0.4960935581314022,48.78145000000007,6.231234999999993,18.225715000000026,82.30569899999975,48.38543447515908,23.87634177800001,49.60935581314022
36,36,1,1957,0.7928023589743608,0.5034812307692305,241604.8241025641,29.527913333333238,0.1945206161692309,0.1827485641025636,-14.124848717948735,0.06435312820512826,112.75229487179486,51.10101538461542,20.08205128205128,5,30.62426912123354,0.5072000020983576,0.7646759809832598,50.348123076923045,6.435312820512825,18.27485641025636,79.28023589743609,50.72000020983576,19.45206161692309,76.46759809832598
37,37,1,1958,0.7796118650000005,0.4800213999999995,214146.9005,30.879575500000062,0.18124111005999985,0.2058408500000003,-14.165171000000019,0.05699929999999995,113.32612349999994,49.76614999999994,19.2575,0,29.35798261389723,0.5317240524958883,0.5168522097265305,48.00213999999995,5.699929999999995,20.58408500000003,77.96118650000004,53.17240524958883,18.124111005999985,51.68522097265304
38,38,1,1959,0.7793927897435907,0.4821143076923083,216292.8369230769,31.099440512820493,0.18814819406153835,0.1918429230769232,-14.460136923076945,0.06787430769230775,112.11770153846165,47.84156410256422,20.773333333333333,0,31.685890336744286,0.4800790148843163,0.5362205372425426,48.21143076923083,6.787430769230775,19.184292307692317,77.93927897435907,48.00790148843163,18.814819406153834,53.62205372425426
39,39,1,1960,0.7671814843243259,0.4860292432432435,210209.68378378366,34.114237837837806,0.1765021594216216,0.20786372972972986,-13.814102702702725,0.0657835135135136,112.56167891891873,52.39316756756759,19.783783783783786,0,30.166211366846834,0.4990535364026152,0.4813165330675484,48.60292432432435,6.578351351351359,20.786372972972984,76.71814843243259,49.90535364026152,17.65021594216216,48.13165330675484
40,40,1,1961,0.7519038684210535,0.4891655789473678,232186.61421052628,33.95318673684203,0.26462325314210544,0.2089125789473681,-14.171330526315785,0.0594759473684209,111.80895789473686,51.28512105263155,19.59842105263158,0,29.881544626850847,0.4668840568315824,0.6796711449397113,48.916557894736776,5.94759473684209,20.89125789473681,75.19038684210535,46.68840568315824,26.462325314210545,67.96711449397112
41,41,1,1962,0.720607806842106,0.4931643684210523,209294.4131578948,37.10257,0.17147155094210545,0.20189573684210546,-13.177364210526294,0.057739842105263124,114.84100473684195,54.77920526315791,22.12736842105264,0,33.76531996030077,0.5964664197681431,0.4730556819736544,49.31643684210523,5.773984210526312,20.189573684210547,72.0607806842106,59.64664197681431,17.147155094210547,47.30556819736544
42,42,1,1963,0.7227048300000004,0.48162135,200510.5485,36.53538849999999,0.18543231468,0.20374530000000027,-13.670647000000017,0.05203614999999992,114.32458749999985,54.15274500000008,25.5355,0,38.9992831201318,0.574395993651405,0.3937761815556073,48.162135,5.203614999999992,20.37453000000003,72.27048300000004,57.4395993651405,18.543231468,39.377618155560725
43,43,1,1964,0.6941005307692291,0.5041769743589742,195536.4117948718,39.4438825641026,0.1595978017794872,0.2172323589743596,-13.048075897435869,0.06659446153846146,115.0814892307692,55.726042051282,26.32102564102564,0,40.20563685706724,0.6067441465301278,0.34888169736757924,50.41769743589742,6.6594461538461465,21.72323589743596,69.4100530769229,60.674414653012775,15.959780177948721,34.88816973675792
44,44,1,1965,0.6099113295384619,0.5034505641025638,196342.08615384615,44.90272461538461,0.1183659460923078,0.2138391282051285,-11.888213333333338,0.05755646153846147,116.83544666666687,58.09506666666668,27.52,0,42.04693537477061,0.6817040534410561,0.35615337824687304,50.34505641025638,5.755646153846147,21.383912820512847,60.9911329538462,68.17040534410562,11.83659460923078,35.6153378246873
45,45,1,1966,0.5248094599699997,0.5070204999999981,216095.113,48.2208465,0.11512595556499995,0.2180931,-11.356919500000007,0.055964050000000085,116.33542399999996,58.01445499999996,28.2815,2,43.21639226159725,0.6603342916785522,0.5344359635437499,50.70204999999981,5.596405000000009,21.80931,52.48094599699997,66.03342916785522,11.512595556499996,53.44359635437499
46,46,1,1967,0.5296103243521767,0.4926885942971483,198987.5182591296,44.682383191595854,0.1189468546723362,0.19091765882941508,-11.708829414707358,0.04909839919959968,116.6800225112558,55.07916958479243,31.19059529764883,0,47.68397142150586,0.6750616002190596,0.3800299455512468,49.26885942971483,4.909839919959968,19.09176588294151,52.96103243521767,67.50616002190596,11.89468546723362,38.00299455512468
47,47,1,1968,0.4937702403500001,0.5010080999999997,214980.984,45.69696500000004,0.11277694928500002,0.2173509500000005,-12.043861999999995,0.0589884999999999,115.83259149999996,56.59936500000002,31.2595,0,47.78979030357982,0.6388444444220832,0.5243802996689801,50.100809999999974,5.898849999999991,21.735095000000047,49.37702403500001,63.88444444220832,11.277694928500003,52.438029966898014
48,48,1,1969,0.4488463039999994,0.4880977999999999,242545.9405,48.76251299999994,0.15945270816500012,0.20696589999999992,-12.062166000000007,0.05497499999999995,117.02432850000014,55.474528499999984,32.844,2,50.22315135043052,0.689776407053549,0.7731701052360612,48.80977999999999,5.497499999999995,20.696589999999993,44.88463039999994,68.9776407053549,15.945270816500013,77.31701052360613
49,49,1,1970,0.4600571139500007,0.5063075000000004,242852.1515,49.5633050000001,0.12756700308499988,0.21226880000000026,-11.772557999999995,0.051681499999999936,117.1116105,57.20753999999992,34.3945,2,52.60429764461922,0.6935066290424542,0.7759338380630114,50.630750000000035,5.168149999999994,21.226880000000026,46.00571139500007,69.35066290424543,12.756700308499989,77.59338380630115
50,50,1,1971,0.4583362981000009,0.5042738499999999,260511.7935,49.63612550000003,0.12501788923,0.21491455000000007,-12.079936000000007,0.05942240000000008,118.27224749999992,57.49132500000002,34.4475,2,52.68569122965114,0.7431094527465802,0.9353224044684856,50.427384999999994,5.942240000000008,21.491455000000006,45.83362981000009,74.31094527465802,12.501788923000001,93.53224044684856
51,51,1,1972,0.4600428051999994,0.5209994499999997,245914.2285,50.452617999999994,0.11488033375999974,0.20695495000000014,-11.773563499999995,0.05487124999999998,119.412852,59.568815000000086,34.485,2,52.74328103038128,0.7918561357574101,0.8035708684882701,52.09994499999997,5.487124999999998,20.695495000000015,46.00428051999994,79.18561357574102,11.488033375999974,80.35708684882701
52,52,1,1973,0.4165241889999992,0.5154494500000005,257002.7905,53.61382499999989,0.09968022322999996,0.2013747499999997,-11.260197000000012,0.057825750000000085,120.14631649999998,59.21162000000004,36.428000000000004,0,55.72720057221208,0.8232026379684688,0.9036516062902152,51.544945000000055,5.7825750000000085,20.13747499999997,41.65241889999992,82.32026379684689,9.968022322999996,90.36516062902152
53,53,1,1974,0.4472074226000001,0.51533975,252555.79100000003,51.47236550000011,0.11636098351000007,0.20934634999999968,-11.816489000000017,0.0573193499999999,119.41645299999985,58.127440000000085,32.2465,2,49.305553858797,0.7920100338049055,0.8635148427527178,51.533975,5.73193499999999,20.934634999999968,44.720742260000016,79.20100338049055,11.636098351000006,86.35148427527179
54,54,1,1975,0.4337738871950005,0.5209980000000007,254969.3715,52.32085050000003,0.11132203374499992,0.21544135000000025,-11.48593899999998,0.06109845,118.68401550000021,56.941515000000024,34.812,2,53.245464092748065,0.7607074230947739,0.8852988141264979,52.09980000000007,6.109845,21.544135000000026,43.37738871950005,76.0707423094774,11.132203374499992,88.52988141264979
55,55,1,1976,0.36147063210999936,0.5297624999999999,267676.967,55.38432500000001,0.12162904398000007,0.24903219999999995,-11.114236999999996,0.06274994999999996,120.52205800000002,58.073324999999976,35.835,2,54.81651385666619,0.8392609226714609,0.9999922733260476,52.97624999999999,6.274994999999996,24.903219999999994,36.14706321099994,83.92609226714609,12.162904398000007,99.99922733260476
56,56,1,1977,0.3393025333750004,0.5333237000000017,257121.848,56.02879590000009,0.12772103194499998,0.2232140500000004,-11.077354499999998,0.060854549999999966,122.18543050000021,58.524655,35.8465,9,54.8341747288901,0.9103494480862172,0.9047261696502664,53.332370000000175,6.085454999999997,22.32140500000004,33.93025333750004,91.03494480862172,12.772103194499998,90.47261696502665
57,57,1,1978,0.32896857344999936,0.5407746000000005,249051.887,56.14288650000007,0.10038121450999994,0.21807094999999949,-10.891867999999995,0.06275740000000009,120.37794350000006,58.95352500000014,35.891,2,54.902514625756524,0.8331018168212195,0.8318900660226792,54.07746000000005,6.275740000000009,21.807094999999947,32.89685734499994,83.31018168212195,10.038121450999995,83.18900660226792
58,58,1,1979,0.29593224063,0.5620453000000001,252860.2265,59.10127149999996,0.11575137201500015,0.21344310000000027,-10.977513500000004,0.06905859999999991,122.45681650000013,60.99818000000005,36.172,0,55.33405419922768,0.9219478306242244,0.8662625506568717,56.204530000000005,6.905859999999992,21.34431000000003,29.593224063,92.19478306242243,11.575137201500015,86.62625506568718
59,59,1,1980,0.28495539763589706,0.5561523589743594,252835.53333333327,59.77773948717964,0.1287510612717948,0.20375410256410267,-10.700942051282043,0.05924861538461545,122.98500102564111,59.80580512820512,36.206666666666656,0,55.38729277056931,0.9445211622590238,0.8660396804290936,55.615235897435944,5.924861538461545,20.375410256410266,28.495539763589704,94.45211622590239,12.875106127179482,86.60396804290936
60,60,1,1981,0.3012042267400006,0.5421846999999999,250904.205,59.938272499999975,0.14683794661999985,0.2250998999999999,-10.924404499999977,0.057915999999999926,123.16939500000014,58.29518500000006,35.7525,9,54.68981629505989,0.9524017156122552,0.8486083160612166,54.21846999999998,5.791599999999993,22.50998999999999,30.120422674000057,95.24017156122552,14.683794661999986,84.86083160612165
61,61,1,1982,0.2895800382050001,0.5642594000000005,248357.306,59.09193894999996,0.10001638300000004,0.20100675,-10.9331225,0.06585305000000008,120.91860749999992,58.643845000000006,36.247,2,55.449233800687956,0.8562084910657617,0.8256210674867815,56.425940000000054,6.585305000000008,20.100675000000003,28.95800382050001,85.62084910657617,10.001638300000003,82.56210674867816
62,62,1,1983,0.2947778916300001,0.5456292999999998,251123.6985,60.142523500000124,0.14541052329000045,0.1989224500000002,-11.200171000000024,0.06688600000000006,121.070629,57.21198999999989,36.268,9,55.48148408909683,0.8627055230092041,0.850589372885603,54.56292999999997,6.688600000000005,19.89224500000002,29.47778916300001,86.27055230092041,14.541052329000046,85.0589372885603
63,63,1,1984,0.2877095803450008,0.5303089499999987,251845.2565,59.109167500000126,0.14517303973500045,0.19770620000000005,-11.523238499999987,0.059264800000000166,121.37666200000015,55.16387100000003,37.7745,9,57.79505835042885,0.8757846346924034,0.8571018545768173,53.030894999999866,5.926480000000017,19.770620000000005,28.770958034500083,87.57846346924035,14.517303973500045,85.71018545768173
64,64,1,1985,0.2965709032099995,0.5556424000000012,252276.258,60.15154800000013,0.11373855807499987,0.19920644999999984,-11.360688499999993,0.05846480000000006,121.9793035000001,56.55964500000002,37.01300000000001,9,56.62560146360222,0.9015400776787028,0.8609918944317368,55.56424000000012,5.846480000000006,19.920644999999983,29.657090320999952,90.15400776787028,11.373855807499988,86.09918944317369
65,65,1,1986,0.28508065642499997,0.5409334000000001,254708.4055,61.49545999999998,0.10994085436499992,0.21187945000000014,-11.103995000000019,0.06481609999999999,120.49930200000016,55.09485500000019,37.5775,9,57.4925199305932,0.8382883861624542,0.8829434438069539,54.09334000000001,6.481609999999999,21.187945000000013,28.508065642499997,83.82883861624542,10.994085436499992,88.29434438069539
66,66,1,1987,0.3116640663948722,0.5410193333333342,247543.3230769231,57.98395538461533,0.10197451746666662,0.20201810256410305,-11.623467179487175,0.05778964102564103,120.84570717948708,54.145117948717846,39.685128205128215,7,60.729263619834505,0.8530929073420194,0.8182743969717299,54.10193333333342,5.778964102564102,20.201810256410305,31.16640663948722,85.30929073420194,10.197451746666662,81.82743969717299
67,67,1,1988,0.32200994651282105,0.5404594358974372,257442.5897435897,58.567924615384584,0.11719038022051302,0.20770753846153808,-11.519821025641036,0.06609989743589745,120.02442564102579,54.648538974359006,39.60051282051282,7,60.59931740280239,0.8179933168897491,0.907621050911005,54.045943589743715,6.609989743589745,20.77075384615381,32.20099465128211,81.7993316889749,11.719038022051302,90.7621050911005
68,68,1,1989,0.3133512518150009,0.5472274499999988,254203.5935,58.4046375000001,0.11318254461499995,0.19908020000000007,-11.38413000000001,0.06393924999999995,120.5790015000003,54.83329000000007,39.1825,7,59.95736340184303,0.8416945504048611,0.8783872211505558,54.72274499999988,6.393924999999995,19.908020000000008,31.33512518150009,84.16945504048611,11.318254461499995,87.83872211505557
69,69,1,1990,0.3328699505850001,0.5352986500000001,256451.4035,57.159139500000066,0.12582626809499972,0.19096090000000004,-11.327479499999981,0.06434529999999995,120.06273350000023,52.65268499999999,40.7855,7,62.41913541705393,0.8196305023105072,0.8986750171008864,53.52986500000001,6.434529999999995,19.096090000000004,33.286995058500004,81.96305023105072,12.582626809499972,89.86750171008863
70,70,1,1991,0.33276529163076995,0.5558243589743591,245912.0061538461,55.94023641025635,0.11509233979999993,0.18862892307692355,-10.955768717948725,0.07110158974358982,119.36257435897407,54.86552307692295,41.65589743589744,7,63.755829147436735,0.7897073907457755,0.8035508105183787,55.582435897435914,7.110158974358982,18.862892307692356,33.276529163076994,78.97073907457755,11.509233979999992,80.35508105183787
71,71,1,1992,0.3208087638250009,0.5550648499999989,246506.46,58.28642050000001,0.1006900830649998,0.20024550000000071,-10.575404499999976,0.07306230000000008,122.58621850000021,55.90983000000014,42.994,7,65.8107907480541,0.9274781597391552,0.8089161031065688,55.50648499999989,7.306230000000008,20.024550000000072,32.08087638250009,92.74781597391552,10.06900830649998,80.89161031065689
72,72,1,1993,0.3090685537400004,0.5698781500000001,251667.9675,56.255991000000016,0.11529396538000007,0.1949322500000003,-10.882701000000026,0.07635054999999992,120.36493599999993,55.55684500000001,42.9975,7,65.81616579612225,0.8325459076701777,0.8555017179744185,56.98781500000001,7.635054999999992,19.49322500000003,30.906855374000042,83.25459076701776,11.529396538000007,85.55017179744185
73,73,1,1994,0.3062343630899999,0.5528299500000016,250992.254,57.8772685000001,0.11188575994999997,0.1921651000000001,-10.282273000000004,0.07604935000000011,118.44516999999986,52.66491500000006,45.0615,7,68.98590842830896,0.7504997429768369,0.8494030096276793,55.282995000000156,7.604935000000011,19.21651000000001,30.62343630899999,75.04997429768369,11.188575994999997,84.94030096276794
74,74,1,1995,0.30251180612000045,0.5590457500000001,246624.0915,57.857951000000085,0.12326879606999998,0.2013737000000004,-10.119450000000008,0.08375444999999987,119.28197799999987,53.024669999999944,44.801,0,68.58585127923695,0.786262896915756,0.8099777959851179,55.90457500000001,8.375444999999987,20.13737000000004,30.251180612000045,78.62628969157561,12.326879606999999,80.99777959851178
75,75,1,1996,0.30102687980000065,0.5878306000000001,248180.983,58.606847500000114,0.09505281203500013,0.1986863000000002,-9.44381849999999,0.08607765000000005,117.70835699999998,56.08732500000001,44.903999999999996,7,68.74403126524238,0.7190101339587676,0.8240296495976582,58.783060000000006,8.607765000000004,19.86863000000002,30.102687980000063,71.90101339587676,9.505281203500013,82.40296495976582
76,76,1,1997,0.3067156934549995,0.5768138499999994,245749.2815,59.86987151,0.10469017861999998,0.1984788000000003,-9.200875500000018,0.08850605000000017,118.18231600000021,54.85525000000002,45.582,7,69.78525486244325,0.7392659975233421,0.8020821256325043,57.68138499999994,8.850605000000018,19.84788000000003,30.67156934549995,73.92659975233421,10.469017861999998,80.20821256325043
77,77,1,1998,0.29148946157000016,0.5862116499999998,248542.6075,60.51975050000015,0.1113257503499999,0.1937308999999996,-8.971167999999997,0.09173105000000006,118.54010800000003,53.77208999999999,45.8945,7,70.26516986852772,0.7545571639248431,0.8272935215737774,58.621164999999976,9.173105000000007,19.37308999999996,29.148946157000015,75.4557163924843,11.13257503499999,82.72935215737775
78,78,1,1999,0.2715901110661201,0.5821579190158892,245177.7452588416,63.75226022552535,0.09406814106611992,0.20630804715530507,-8.266409533572531,0.09440717580727807,119.50949051768335,55.64528446950284,47.25832906201947,0,72.35964037283892,0.7959862327262948,0.7969236777926776,58.21579190158892,9.440717580727807,20.630804715530505,27.159011106612006,79.59862327262948,9.406814106611993,79.69236777926776
79,79,1,2000,0.28932270051635994,0.590918047034764,242724.6426380368,62.54128323108387,0.10116776879345596,0.1976860429447853,-8.247765848670758,0.08920541922290394,118.9993231083843,55.94754601226991,46.6840490797546,7,71.47770251305386,0.7741829091522119,0.7747829962332445,59.091804703476406,8.920541922290393,19.768604294478532,28.932270051635996,77.41829091522119,10.116776879345595,77.47829962332446
80,80,1,2001,0.2868424748428934,0.5833178553615969,240307.79600997505,62.69855221945144,0.10721401899251867,0.18702563591022486,-8.305095261845384,0.08918229426433916,117.76539900249378,54.147910723191906,48.750124688279286,7,74.65063271540937,0.7214479714509642,0.7529695461492243,58.331785536159686,8.918229426433916,18.702563591022486,28.684247484289337,72.14479714509642,10.721401899251868,75.29695461492243
81,81,1,2002,0.28262428988500105,0.5761602999999997,239503.283,64.12697960000013,0.08804835031499995,0.1939111999999998,-7.686639500000013,0.08430759999999995,119.23973849999993,54.239715000000075,48.6555,7,74.50531493028524,0.7844576826482051,0.7457083471218331,57.616029999999974,8.430759999999996,19.39111999999998,28.262428988500105,78.44576826482052,8.804835031499996,74.57083471218331
82,82,1,2003,0.25647051817297833,0.5757633060388944,244670.5752302968,66.01652610030712,0.08304927466734914,0.19697630501535301,-7.4855450358239555,0.09392574206755384,120.9146218014328,53.05042476970324,48.62640736949847,7,74.46063656246393,0.8560381519301296,0.7923461725536936,57.57633060388944,9.392574206755384,19.6976305015353,25.647051817297832,85.60381519301295,8.304927466734915,79.23461725536936
83,83,1,2004,0.2805589466225845,0.5676803662258397,237378.70803662261,64.88679450661226,0.07793403490844357,0.2021994404883014,-7.601655137334684,0.09423880976602242,121.29034587995956,52.44885554425227,49.27314343845372,7,75.45384726476058,0.8720956920814079,0.7265328192354986,56.76803662258397,9.423880976602241,20.21994404883014,28.055894662258453,87.20956920814079,7.793403490844357,72.65328192354986
84,84,1,2005,0.2557635068666665,0.5722805641025652,237229.5882051282,65.3208511282051,0.09019436118461543,0.19008162564102585,-7.46615897435897,0.09333369230769203,121.61796666666649,53.25309230769236,50.95333333333333,0,78.03416196435808,0.8860974136574321,0.7251869258043341,57.22805641025652,9.333369230769204,19.008162564102584,25.57635068666665,88.6097413657432,9.019436118461543,72.51869258043341
85,85,1,2006,0.2799863520256408,0.5682301538461539,234042.91435897435,65.03262820512825,0.07770147187692314,0.1882892820512821,-7.2655005128205135,0.08584676923076921,121.79861538461536,52.002830769230776,51.31384615384616,7,78.58781160419788,0.8938179037924139,0.6964253361899871,56.823015384615395,8.584676923076922,18.82892820512821,27.99863520256408,89.3817903792414,7.770147187692314,69.64253361899871
86,86,1,2007,0.2540809575538463,0.5634143589743592,241049.9625641025,66.83047743589738,0.07295726805128197,0.19612656410256424,-7.0445358974358925,0.08434733333333336,124.0875164102562,51.67938461538473,51.07589743589744,7,78.22238709084701,0.9916400084220814,0.759668032058308,56.34143589743592,8.434733333333336,19.612656410256424,25.40809575538463,99.16400084220814,7.295726805128197,75.9668032058308
87,87,1,2008,0.2491917627212275,0.5791928388746803,240107.31560102306,67.14608207672623,0.0636620903171356,0.19843140664961625,-6.8438040920716166,0.07735636828644507,123.50993350383641,52.75418925831203,50.63017902813299,0,77.53788484324944,0.966955509236152,0.7511600935580992,57.91928388746803,7.735636828644507,19.843140664961627,24.91917627212275,96.6955509236152,6.36620903171356,75.11600935580992
88,88,1,2009,0.26192861909693904,0.5641903571428577,238140.0132653061,67.07487551020408,0.07587207368367352,0.2052522959183674,-7.0460147959183645,0.08545780612244899,123.4638076530612,50.716966173469345,51.440816326530616,0,78.78280325602638,0.9649842017177755,0.7334040428422316,56.41903571428577,8.545780612244899,20.52522959183674,26.192861909693903,96.49842017177755,7.587207368367352,73.34040428422315
89,89,1,2010,0.2426866435515872,0.5724883432539687,242811.8045634921,68.17778026289683,0.08298056821924611,0.19970064484126995,-6.9099042658730125,0.08103149801587313,123.5702152777779,52.08951587301589,52.73015873015873,0,80.76288251196927,0.969531806739499,0.7755696834346872,57.24883432539687,8.103149801587312,19.970064484126997,24.26866435515872,96.9531806739499,8.298056821924611,77.55696834346872
90,90,1,2011,0.27318266251859197,0.5528669806643526,236998.787307883,64.83008934060499,0.10377233216658402,0.20330882498760566,-7.574986117997006,0.08747927615270201,121.48399702528488,47.24536787307882,53.30738720872582,2,81.64934846014097,0.8803718745757404,0.7231038131264547,55.28669806643526,8.747927615270202,20.330882498760566,27.318266251859196,88.03718745757403,10.377233216658402,72.31038131264546
91,91,1,2012,0.24995304438046245,0.5708818508997433,245807.4575835477,65.65714601542409,0.08520552067866319,0.1897330077120824,-7.260549614395888,0.08174246786632405,121.78173624678669,46.27090128534706,52.65501285347044,7,80.6474788835914,0.8930965301863741,0.8026071987090561,57.08818508997433,8.174246786632406,18.97330077120824,24.995304438046244,89.30965301863742,8.52055206786632,80.2607198709056
92,92,1,2013,0.2574880859564779,0.5711480263157896,242267.66143724692,64.55968914473688,0.09836505391700387,0.19963081983805714,-7.472039473684207,0.09384888663967614,120.80682945344118,45.47411943319834,54.047064777327925,1,82.7852920276169,0.8514313671782369,0.7706584744299061,57.11480263157897,9.384888663967613,19.963081983805715,25.748808595647787,85.14313671782368,9.836505391700387,77.06584744299062
93,93,1,2014,0.24931264588029906,0.5899476807980057,233728.3147132169,64.87954437905223,0.07656955483790515,0.1918215960099752,-7.06743990024938,0.08406054862842896,122.30526284289296,46.30487780548628,55.543142144638395,0,85.08285995989094,0.9154707931566932,0.6935858909436482,58.99476807980057,8.406054862842897,19.18215960099752,24.931264588029904,91.54707931566932,7.656955483790514,69.35858909436482
94,94,1,2015,0.2539522577102332,0.5937740628166152,230029.0466058764,62.70642715298895,0.1067868780547114,0.18885643363728474,-7.625639311043569,0.09677922998986847,120.11541134751768,43.20983687943254,56.70060790273557,7,86.86041255617822,0.8218818263537012,0.6601978392278494,59.377406281661514,9.677922998986848,18.885643363728473,25.395225771023323,82.18818263537013,10.67868780547114,66.01978392278494
95,95,1,2016,0.28417102995548144,0.6002023928770179,221396.51029493602,59.28552316082347,0.09398438711741793,0.18116989426822505,-8.061056204785759,0.10431329994435183,118.65262993878693,43.153205898720124,59.6471897607123,0,91.38556087713596,0.7593660799705088,0.5822841653807809,60.02023928770179,10.431329994435183,18.116989426822506,28.417102995548145,75.93660799705087,9.398438711741793,58.228416538078086
96,96,1,2017,0.2860990665261043,0.6122170180722886,211115.6967871486,59.04210208835337,0.09709060906626496,0.1917126004016064,-8.31262951807228,0.1105364959839356,117.20273995983936,41.64763112449793,63.26355421686747,1,96.93931310106993,0.6974012821774693,0.4894938287200337,61.221701807228854,11.05364959839356,19.17126004016064,28.609906652610427,69.74012821774693,9.709060906626496,48.94938287200337
97,97,1,2018,0.2676329907750836,0.6635004755111744,206001.0071326676,60.243462201616715,0.05421712166904419,0.17632553495007114,-7.168785068949124,0.12717555872563022,121.9223076557296,44.79212743699474,63.29624346172135,1,96.98951489032736,0.899104212877548,0.4433307722075271,66.35004755111744,12.717555872563022,17.632553495007112,26.763299077508364,89.9104212877548,5.421712166904419,44.333077220752706
98,98,1,2019,0.2782985863365824,0.6448141097998967,201024.78809645973,59.32240360184717,0.07764024697280643,0.17261641867624464,-7.722191893278596,0.12104335556695732,120.23564443304272,45.88176295536167,65.25654181631606,1,100.0,0.8270202981969238,0.3984174937672956,64.48141097998968,12.104335556695732,17.261641867624462,27.82985863365824,82.70202981969238,7.764024697280643,39.84174937672956
99,99,1,2020,0.2199308880935964,0.6929043349753701,193728.39753694585,63.12316354679793,0.016375524305418724,0.1785354187192117,-6.595066995073878,0.14138369458128058,124.28312857142865,50.104780788177294,64.30197044334976,1,98.53403799595142,1.0,0.3325633144348181,69.29043349753701,14.138369458128059,17.85354187192117,21.99308880935964,100.0,1.6375524305418725,33.25633144348181
