"","name","2020-01-01","2020-01-02","2020-01-03","2020-01-04","2020-01-05","2020-01-06","2020-01-07","2020-01-08","2020-01-09","2020-01-10","2020-01-11","2020-01-12","2020-01-13","2020-01-14","2020-01-15","2020-01-16","2020-01-17","2020-01-18","2020-01-19","2020-01-20","2020-01-21","2020-01-22","2020-01-23","2020-01-24","2020-01-25","2020-01-26","2020-01-27","2020-01-28","2020-01-29","2020-01-30","2020-01-31","2020-02-01","2020-02-02","2020-02-03","2020-02-04","2020-02-05","2020-02-06","2020-02-07","2020-02-08","2020-02-09","2020-02-10","2020-02-11","2020-02-12","2020-02-13","2020-02-14","2020-02-15","2020-02-16","2020-02-17","2020-02-18","2020-02-19","2020-02-20","2020-02-21","2020-02-22","2020-02-23","2020-02-24","2020-02-25","2020-02-26","2020-02-27","2020-02-28","2020-02-29","2020-03-01","2020-03-02","2020-03-03","2020-03-04","2020-03-05","2020-03-06","2020-03-07","2020-03-08","2020-03-09","2020-03-10","2020-03-11","2020-03-12","2020-03-13","2020-03-14","2020-03-15","2020-03-16","2020-03-17","2020-03-18","2020-03-19","2020-03-20","2020-03-21","2020-03-22","2020-03-23","2020-03-24","2020-03-25","2020-03-26","2020-03-27","2020-03-28","2020-03-29","2020-03-30","2020-03-31","2020-04-01","2020-04-02","2020-04-03","2020-04-04","2020-04-05","2020-04-06","2020-04-07","2020-04-08","2020-04-09","2020-04-10","2020-04-11","2020-04-12","2020-04-13","2020-04-14","2020-04-15","2020-04-16","2020-04-17","2020-04-18","2020-04-19","2020-04-20","2020-04-21","2020-04-22","2020-04-23","2020-04-24","2020-04-25","2020-04-26","2020-04-27","2020-04-28","2020-04-29","2020-04-30","2020-05-01","2020-05-02","2020-05-03","2020-05-04","2020-05-05","2020-05-06","2020-05-07","2020-05-08","2020-05-09","2020-05-10","2020-05-11","2020-05-12","2020-05-13","2020-05-14","2020-05-15","2020-05-16","2020-05-17","2020-05-18","2020-05-19","2020-05-20","2020-05-21","2020-05-22","2020-05-23","2020-05-24","2020-05-25","2020-05-26","2020-05-27","2020-05-28","2020-05-29","2020-05-30","2020-05-31","2020-06-01","2020-06-02","2020-06-03","2020-06-04","2020-06-05","2020-06-06","2020-06-07","2020-06-08","2020-06-09","2020-06-10","2020-06-11","2020-06-12","2020-06-13","2020-06-14","2020-06-15","2020-06-16","2020-06-17","2020-06-18","2020-06-19","2020-06-20","2020-06-21","2020-06-22","2020-06-23","2020-06-24","2020-06-25","2020-06-26","2020-06-27","2020-06-28","2020-06-29","2020-06-30","2020-07-01","2020-07-02","2020-07-03","2020-07-04","2020-07-05","2020-07-06","2020-07-07","2020-07-08","2020-07-09","2020-07-10","2020-07-11","2020-07-12","2020-07-13","2020-07-14","2020-07-15","2020-07-16","2020-07-17","2020-07-18","2020-07-19","2020-07-20","2020-07-21","2020-07-22","2020-07-23","2020-07-24","2020-07-25","2020-07-26","2020-07-27","2020-07-28","2020-07-29","2020-07-30","2020-07-31"
"1","AU",1,1.16346992153444,1.02092414995641,0.819093286835222,0.928509154315606,0.938535309503051,0.999564080209241,1.05841325196164,1.12990409764603,1.04969485614647,0.848299912816042,0.982999128160418,0.988666085440279,0.994768962510898,1.03487358326068,1.09459459459459,1.05797733217088,0.609851787271142,0.887532693984307,1.01525719267655,1.26983435047951,1.13993025283348,1.12249346120314,1.2048823016565,0.886224934612031,0.942894507410636,1.15387968613775,1.28421970357454,1.27114210985179,1.1564952048823,1.05841325196164,0.769398430688753,0.988666085440279,1.14864864864865,1.21403661726242,1.25065387968614,1.11987794245859,0.985178727114211,0.649084568439407,0.766782911944202,1.06190061028771,1.11421098517873,1.10723626852659,1.2048823016565,1.0924149956408,0.686573670444638,1.04141238012206,1.17218831734961,1.09677419354839,1.2101133391456,1.32999128160418,1.21142109851787,0.8487358326068,1.07541412380122,1.16521360069747,1.20226678291194,1.17218831734961,1.21185701830863,1.16521360069747,0.843940714908457,1.08674803836094,1.20008718395815,1.20575414123801,1.13426329555362,1.0693112467306,1.08326068003487,0.797297297297297,0.96817785527463,1.14690496948561,1.29468177855275,1.36312118570183,1.30296425457716,1.07977332170881,0.727550130775937,0.989102005231038,1.15780296425458,1.13513513513514,1.14210985178727,1.15257192676548,0.99694856146469,0.70357454228422,0.766346992153444,0.82258064516129,0.809067131647777,0.744551002615519,0.740627724498692,0.599389712292938,0.350043591979076,0.296861377506539,0.487794245858762,0.590671316477768,0.537053182214473,0.446381865736704,0.357890148212729,0.185265911072363,0.271578029642546,0.472537053182214,0.537489102005231,0.493897122929381,0.503923278116826,0.224934612031386,0.144289450741064,0.210985178727114,0.356146469049695,0.523539668700959,0.505231037489102,0.450305143853531,0.40976460331299,0.235832606800349,0.273757628596338,0.41848299912816,0.576285963382738,0.551438535309503,0.506538796861377,0.434612031386225,0.297733217088056,0.253705318221447,0.492589363557105,0.527027027027027,0.416739319965126,0.401482127288579,0.343940714908457,0.174803836094159,0.285527462946818,0.407585004359198,0.57279860505667,0.522667829119442,0.476460331299041,0.466870095902354,0.209677419354839,0.310374891020052,0.546207497820401,0.554925893635571,0.593722755013078,0.610723626852659,0.551438535309503,0.367916303400174,0.383173496076722,0.515257192676548,0.588491717523976,0.520488230165649,0.498692240627724,0.435047951176983,0.260244115082825,0.248038360941587,0.477332170880558,0.595030514385353,0.626416739319965,0.577157802964255,0.499564080209241,0.302964254577158,0.298605056669573,0.436355710549259,0.526591107236269,0.647340889276373,0.691368788142982,0.580645161290323,0.312990409764603,0.295989537925022,0.538796861377506,0.645161290322581,0.576721883173496,0.605056669572799,0.534437663469921,0.283783783783784,0.312554489973845,0.544027898866609,0.638622493461203,0.626852659110724,0.653443766346992,0.560156931124673,0.3256320836966,0.34306887532694,0.494768962510898,0.570183086312119,0.619442022667829,0.70924149956408,0.614210985178727,0.428945074106364,0.416303400174368,0.626852659110724,0.681778552746295,0.685265911072363,0.628160418482999,0.535309503051439,0.325196163905841,0.408020924149956,0.538796861377506,0.591107236268527,0.69180470793374,0.692676547515257,0.631647776809067,0.300348735832607,0.340453356582389,0.527027027027027,0.611595466434176,0.707497820401046,0.636442894507411,0.62510897994769,0.425457715780296,0.365300784655623,0.611595466434176,0.648648648648649,0.690496948561465,0.620749782040105,0.659110723626853,0.350043591979076,0.257628596338274,0.460767218831735,0.660854402789887,0.728421970357454,0.696599825632084,0.673931996512642
"2","BR",1,1.33979328165375,1.42764857881137,1.1937984496124,1.15891472868217,1.43669250645995,1.3953488372093,1.3953488372093,1.45994832041344,1.47674418604651,1.21447028423773,1.18217054263566,1.38501291989664,1.39405684754522,1.37596899224806,1.45736434108527,1.31524547803618,0.941860465116279,1.01679586563307,1.22609819121447,1.33333333333333,1.32558139534884,1.34754521963824,1.32299741602067,1.17958656330749,1.08268733850129,1.36175710594315,1.42118863049096,1.3578811369509,1.35917312661499,1.42248062015504,1.26485788113695,1.11369509043928,1.63178294573643,1.66149870801034,1.57105943152455,1.61369509043928,1.68863049095607,1.44961240310078,1.41343669250646,1.54521963824289,1.6421188630491,1.74031007751938,1.75581395348837,1.75710594315245,1.40568475452196,1.41731266149871,1.69896640826873,1.69250645994832,1.72739018087855,1.81007751937985,1.85012919896641,1.51033591731266,1.02325581395349,1.14470284237726,1.21963824289406,1.66666666666667,1.6343669250646,1.59302325581395,1.39018087855297,1.40956072351421,1.6937984496124,1.71576227390181,1.65891472868217,1.76227390180879,1.6640826873385,1.36175710594315,1.41214470284238,1.69767441860465,1.68992248062015,1.66537467700258,1.66925064599483,1.69896640826873,1.41343669250646,1.33333333333333,1.52713178294574,1.39793281653747,1.18863049095607,1.16537467700258,1.16020671834625,0.941860465116279,0.655038759689923,0.642118863049096,0.467700258397933,0.341085271317829,0.381136950904393,0.351421188630491,0.258397932816537,0.15374677002584,0.264857881136951,0.264857881136951,0.224806201550388,0.241602067183463,0.288113695090439,0.157622739018088,0.142118863049096,0.239018087855297,0.219638242894057,0.232558139534884,0.271317829457364,0.175710594315245,0.162790697674419,0.12015503875969,0.22093023255814,0.213178294573643,0.233850129198966,0.233850129198966,0.215762273901809,0.160206718346253,0.135658914728682,0.161498708010336,0.198966408268734,0.241602067183463,0.239018087855297,0.245478036175711,0.138242894056848,0.152454780361757,0.205426356589147,0.227390180878553,0.270025839793282,0.270025839793282,0.204134366925065,0.145994832041344,0.157622739018088,0.254521963824289,0.276485788113695,0.294573643410853,0.266149870801034,0.253229974160207,0.201550387596899,0.134366925064599,0.275193798449612,0.289405684754522,0.27390180878553,0.29328165374677,0.276485788113695,0.188630490956072,0.151162790697674,0.237726098191214,0.285529715762274,0.277777777777778,0.295865633074935,0.301033591731266,0.217054263565891,0.179586563307494,0.294573643410853,0.303617571059432,0.297157622739018,0.334625322997416,0.311369509043928,0.200258397932817,0.178294573643411,0.291989664082687,0.298449612403101,0.289405684754522,0.343669250645995,0.372093023255814,0.189922480620155,0.193798449612403,0.332041343669251,0.325581395348837,0.37984496124031,0.374677002583979,0.280361757105943,0.213178294573643,0.229974160206718,0.461240310077519,0.372093023255814,0.391472868217054,0.421188630490956,0.437984496124031,0.271317829457364,0.271317829457364,0.436692506459948,0.368217054263566,0.412144702842377,0.374677002583979,0.422480620155039,0.228682170542636,0.276485788113695,0.437984496124031,0.368217054263566,0.439276485788114,0.484496124031008,0.521963824289406,0.270025839793282,0.27906976744186,0.48062015503876,0.430232558139535,0.423772609819121,0.443152454780362,0.496124031007752,0.262273901808786,0.27390180878553,0.470284237726098,0.412144702842377,0.386304909560723,0.440568475452196,0.492248062015504,0.297157622739018,0.290697674418605,0.48578811369509,0.450904392764858,0.430232558139535,0.502583979328165,0.502583979328165,0.32687338501292,0.32687338501292,0.489664082687339,0.431524547803618,0.441860465116279,0.368217054263566,0.537467700258398
"3","CA",1,1.12539582013933,1.12919569347688,1.06143128562381,1.08043065231159,1.1760607979734,1.21912602913236,1.1589613679544,1.29195693476884,1.17669411019633,0.998100063331222,0.863204559848005,1.16592780240659,1.20139328689044,1.13299556681444,1.12539582013933,1.32362254591514,0.711842938568714,0.903736542115263,1.2127929069031,1.19949335022166,1.21342621912603,1.25902469917669,1.28182393920203,0.998733375554148,1.00189993666878,1.21215959468018,1.22419252691577,1.25395820139329,1.25712476250792,1.22672577580747,1.03546548448385,0.963901203293224,1.29322355921469,1.2615579480684,1.25459151361621,1.17226092463585,1.09436352121596,1.11209626345788,1.11779607346422,1.26852438252058,1.27105763141229,1.31475617479417,1.21722609246358,1.35782140595313,1.13996200126662,1.085497150095,1.3179227359088,1.25205826472451,1.33628879037365,1.38442051931602,1.4376187460418,1.18619379354022,1.12729575680811,1.32678910702977,1.29892336922103,1.21912602913236,1.05889803673211,1.2640911969601,1.16466117796073,1.19632678910703,1.25142495250158,1.27549081697277,1.34262191260291,1.44965167827739,1.3837872070931,1.32615579480684,1.34705509816339,1.44711842938569,1.32045598480051,1.39898670044332,1.41671944268524,1.36985433818873,1.2469917669411,1.27802406586447,1.31222292590247,1.20899303356555,1.23622545915136,1.16529449018366,1.12349588347055,1.00633312222926,0.837238758708043,0.721342621912603,0.600379987333756,0.568081063964535,0.492716909436352,0.493983533882204,0.360987967067764,0.31222292590247,0.307156428119063,0.379987333755542,0.412286257124763,0.379354021532616,0.352121595946802,0.313489550348322,0.245091830272324,0.349588347055098,0.350221659278024,0.349588347055098,0.338188727042432,0.289423685877137,0.257758074730842,0.222292590246992,0.290690310322989,0.341988600379987,0.304623179227359,0.325522482583914,0.316656111462951,0.30905636478784,0.220392653578214,0.339455351488284,0.31222292590247,0.315389487017099,0.330588980367321,0.334388853704876,0.297656744775174,0.203926535782141,0.312856238125396,0.306523115896137,0.333122229259025,0.319822672577581,0.336288790373654,0.328055731475618,0.259024699176694,0.293856871437619,0.340721975934136,0.357188093730209,0.390120329322356,0.352121595946802,0.224825839138695,0.238758708043065,0.32298923369221,0.31222292590247,0.423052564914503,0.362254591513616,0.32298923369221,0.316656111462951,0.235592146928436,0.276124129195693,0.320455984800507,0.429385687143762,0.390120329322356,0.415452818239392,0.33692210259658,0.286257124762508,0.306523115896137,0.347055098163395,0.436985433818873,0.431918936035465,0.378087397086764,0.282457251424952,0.303356554781507,0.420519316022799,0.443318556048132,0.435718809373021,0.506649778340722,0.535782140595313,0.358454718176061,0.423052564914503,0.482583913869538,0.489550348321723,0.448385053831539,0.473084230525649,0.461684610512983,0.414819506016466,0.416086130462318,0.454718176060798,0.558581380620646,0.577580747308423,0.652944901836605,0.622545915136162,0.431918936035465,0.419886003799873,0.551614946168461,0.49461684610513,0.476884103863205,0.609246358454718,0.661177960734642,0.378087397086764,0.407853071564281,0.495883470550982,0.548448385053832,0.528182393920203,0.56871437618746,0.578847371754275,0.533882203926536,0.595313489550348,0.680810639645345,0.683977200759975,0.644711842938569,0.606713109563015,0.680810639645345,0.492716909436352,0.492083597213426,0.628245725142495,0.695376820772641,0.756174794173528,0.616846105129829,0.691576947435085,0.669411019632679,0.484483850538315,0.649778340721976,0.746675110829639,0.644711842938569,0.641545281823939,0.73717542748575,0.665611146295124,0.559848005066498,0.576314122862571,0.695376820772641,0.67384420519316,0.526282457251425,0.770740975300823
"4","CN",1,0.938775510204082,0.917166866746699,0.847539015606242,0.800720288115246,0.936374549819928,1.00360144057623,0.951980792316927,0.991596638655462,0.97358943577431,1.08883553421369,1.13325330132053,1.11644657863145,1.03841536614646,0.921968787515006,1.12364945978391,1.24969987995198,1.04921968787515,1.16326530612245,1.14405762304922,0.912364945978391,0.974789915966387,0.936374549819928,0.799519807923169,1.05882352941176,1.03241296518607,1.01320528211285,0.957983193277311,0.769507803121248,0.711884753901561,0.536614645858343,0.432172869147659,0.457382953181273,0.406962785114046,0.333733493397359,0.285714285714286,0.298919567827131,0.398559423769508,0.41296518607443,0.51140456182473,0.324129651860744,0.172869147659064,0.146458583433373,0.150060024009604,0.201680672268908,0.224489795918367,0.271308523409364,0.214885954381753,0.218487394957983,0.206482593037215,0.189675870348139,0.208883553421369,0.262905162064826,0.307322929171669,0.338535414165666,0.3937575030012,0.438175270108043,0.452581032412965,0.417767106842737,0.512605042016807,0.569027611044418,0.581032412965186,0.536614645858343,0.53421368547419,0.53781512605042,0.554621848739496,0.470588235294118,0.569027611044418,0.536614645858343,0.519807923169268,0.548619447779112,0.492196878751501,0.51140456182473,0.528211284513806,0.542617046818727,0.366146458583433,0.396158463385354,0.423769507803121,0.392557022809124,0.3937575030012,0.394957983193277,0.438175270108043,0.319327731092437,0.253301320528211,0.262905162064826,0.297719087635054,0.481392557022809,0.566626650660264,0.53781512605042,0.501800720288115,0.503001200480192,0.490996398559424,0.460984393757503,0.576230492196879,0.41656662665066,0.433373349339736,0.549819927971189,0.589435774309724,0.524609843937575,0.535414165666267,0.624249699879952,0.53421368547419,0.637454981992797,0.531812725090036,0.585834333733493,0.651860744297719,0.500600240096038,0.698679471788715,0.65906362545018,0.624249699879952,0.576230492196879,0.552220888355342,0.590636254501801,0.60984393757503,0.620648259303721,0.635054021608643,0.668667466986795,0.619447779111645,0.624249699879952,0.452581032412965,0.493397358943577,0.650660264105642,0.570228091236495,0.588235294117647,0.679471788715486,0.786314525810324,0.758703481392557,0.749099639855942,0.737094837935174,0.444177671068427,0.498199279711885,0.505402160864346,0.555822328931573,0.543817527010804,0.58343337334934,0.558223289315726,0.639855942376951,0.73109243697479,0.804321728691477,0.805522208883553,0.819927971188475,0.776710684273709,0.744297719087635,0.853541416566627,0.871548619447779,0.795918367346939,0.831932773109244,0.85594237695078,0.771908763505402,0.830732292917167,0.751500600240096,0.841536614645858,0.728691476590636,0.727490996398559,0.842737094837935,0.846338535414166,0.711884753901561,0.871548619447779,0.715486194477791,0.764705882352941,0.804321728691477,0.767106842737095,0.945978391356543,0.854741896758703,0.871548619447779,0.817527010804322,0.870348139255702,0.870348139255702,0.743097238895558,0.781512605042017,0.913565426170468,0.895558223289316,0.836734693877551,0.746698679471789,0.747899159663866,0.804321728691477,0.828331332533013,0.758703481392557,0.817527010804322,0.763505402160864,0.853541416566627,0.709483793517407,0.894357743097239,0.690276110444178,0.869147659063625,0.788715486194478,0.764705882352941,0.843937575030012,0.943577430972389,0.995198079231693,1.00360144057623,1.03481392557023,0.925570228091236,0.80672268907563,0.920768307322929,1.00360144057623,1.00600240096038,0.980792316926771,0.824729891956783,0.872749099639856,0.774309723889556,0.834333733493397,0.889555822328932,0.941176470588235,0.774309723889556,0.815126050420168,0.798319327731092,0.675870348139256,0.644657863145258,0.684273709483794,0.677070828331333,0.690276110444178,0.689075630252101
"5","DE",1,1.39355653821857,1.51484523057486,1.28300694883133,1.44977890082123,1.63044851547694,1.47820593809223,1.51484523057486,1.54958938723942,1.64181933038534,1.39734680985471,1.42261528742893,1.61465571699305,1.51547694251421,1.64497789008212,1.76879343019583,1.74289324068225,1.21667719519899,1.44346178142767,1.63550221099179,1.66266582438408,1.53569172457359,1.61149715729627,1.70120025268478,1.19330385344283,1.47315224257738,1.6538218572331,1.48641819330385,1.59696778269109,1.69551484523057,1.73657612128869,1.28932406822489,1.44851547694251,1.73152242577385,1.63866077068857,1.87997473152243,1.86418193303853,1.98547062539482,1.61149715729627,1.24952621604548,1.05685407454201,1.5868603916614,1.70246367656349,1.85912823752369,1.91471888818699,1.56159191408718,1.55401137081491,1.77511054958939,1.78648136449779,1.82375236891977,1.86418193303853,1.96967782691093,1.46746683512318,1.48262792166772,1.79216677195199,1.76058117498421,1.80037902716361,1.77763739734681,1.93556538218572,1.40682248894504,1.62413139608339,1.87492103600758,1.79027163613392,1.86986734049274,1.79279848389135,1.77953253316488,1.50031585596968,1.6140240050537,1.60897030953885,1.41566645609602,1.56475047378395,1.51484523057486,1.56222362602653,1.49842072015161,1.52116234996841,1.35502210991788,1.18888186986734,1.11181301326595,0.940619077700569,0.838281743524953,0.514213518635502,0.533796588755527,0.421983575489577,0.466203411244473,0.451674036639293,0.440303221730891,0.472520530638029,0.331017056222363,0.252053063802906,0.364497789008212,0.4301958307012,0.43461781427669,0.399873657612129,0.382817435249526,0.342387871130764,0.320277953253316,0.389134554643083,0.427668982943778,0.461781427668983,0.46367656348705,0.340492735312697,0.323436512950095,0.245104232469994,0.215413771320278,0.356285533796589,0.442830069488313,0.456096020214782,0.483259633607075,0.300694883133291,0.308275426405559,0.392924826279217,0.421351863550221,0.481996209728364,0.583701831964624,0.52621604548326,0.409981048641819,0.495893872394188,0.520530638029059,0.427037271004422,0.438408085912824,0.425142135186355,0.285533796588756,0.221730890713835,0.43461781427669,0.399241945672773,0.507896399241946,0.62349968414403,0.655716993051169,0.679090334807328,0.572962728995578,0.363866077068857,0.397346809854706,0.677195198989261,0.6424510423247,0.648768161718256,0.68603916614024,0.769425142135186,0.811749842072015,0.668351231838282,0.724573594440935,0.803537586860392,1.00379027163613,0.684144030322173,0.334807327858497,0.550221099178774,0.519898926089703,0.769425142135186,0.830701200252685,0.778269109286166,0.903979785217941,0.791535060012634,0.72962728995578,0.987997473152243,0.825015792798484,0.837018319646241,0.555906506632975,0.597599494630448,0.43461781427669,0.541377132027795,0.705622236260265,0.656348704990524,0.721415034744157,0.689197725837018,1.06822488945041,0.713202779532533,0.436512950094757,0.689829437776374,0.77763739734681,0.808591282375237,0.873025900189514,0.845230574857865,0.866708780795957,1.14024005053696,0.905874921036008,1.0840176879343,1.19140871762476,1.0726468730259,1.10296904611497,0.804169298799747,0.809222994314593,0.825015792798484,0.903979785217941,1.04169298799747,0.998736576121289,1.23689197725837,1.06317119393557,0.930511686670878,0.941250789639924,1.14971572962729,1.03790271636134,1.02463676563487,1.03916614024005,1.19393556538219,1.52242577384713,1.21099178774479,1.09854706253948,1.01831964624131,0.999368288060644,1.26279216677195,1.40113708149084,1.34365129500948,1.10802274162982,1.19140871762476,1.25142135186355,1.21667719519899,1.23120656980417,1.26468730259002,0.958938723941883,1.15540113708149,1.04295641187618,1.25584333543904,1.23626026531901,1.4188250157928
"6","ES",1,1.10181818181818,1.14363636363636,1.17545454545455,1.23909090909091,1.16818181818182,1.05636363636364,0.837272727272727,0.859090909090909,1.10818181818182,0.915454545454545,1.17545454545455,1.13090909090909,0.866363636363636,0.859090909090909,1.02272727272727,1.30181818181818,1.19636363636364,1.26454545454545,1.18818181818182,0.86,0.8,1.06,1.23545454545455,0.940909090909091,0.901818181818182,0.844545454545455,0.728181818181818,0.740909090909091,0.856363636363636,0.919090909090909,0.775454545454546,0.884545454545455,1.02181818181818,1.05636363636364,1.05454545454545,1.10909090909091,1.40363636363636,1.20090909090909,1.35090909090909,1.32363636363636,1.12181818181818,1.13909090909091,1.30272727272727,1.44454545454545,1.21272727272727,1.40090909090909,1.37181818181818,1.21454545454545,1.25636363636364,1.28909090909091,1.39090909090909,1.43363636363636,1.57636363636364,1.47454545454545,1.33272727272727,1.34272727272727,1.36181818181818,1.47636363636364,1.30181818181818,1.41818181818182,1.39090909090909,1.21363636363636,1.24545454545455,1.32818181818182,1.40363636363636,1.21181818181818,1.51090909090909,1.40636363636364,1.19090909090909,1.09727272727273,1.13272727272727,1.30818181818182,1.10727272727273,1.16363636363636,1.03727272727273,0.689090909090909,0.527272727272727,0.469090909090909,0.420909090909091,0.280909090909091,0.215454545454545,0.122727272727273,0.166363636363636,0.142727272727273,0.159090909090909,0.16,0.111818181818182,0.11,0.0990909090909091,0.129090909090909,0.109090909090909,0.125454545454545,0.114545454545455,0.08,0.0754545454545455,0.0790909090909091,0.103636363636364,0.0918181818181818,0.0872727272727273,0.0809090909090909,0.0509090909090909,0.0736363636363636,0.0827272727272727,0.09,0.0809090909090909,0.0863636363636364,0.0981818181818182,0.0545454545454545,0.0672727272727273,0.09,0.0872727272727273,0.0863636363636364,0.0918181818181818,0.12,0.0554545454545455,0.0763636363636364,0.100909090909091,0.11,0.0836363636363636,0.109090909090909,0.100909090909091,0.0581818181818182,0.0790909090909091,0.0945454545454545,0.0972727272727273,0.0854545454545454,0.1,0.1,0.0681818181818182,0.0763636363636364,0.121818181818182,0.106363636363636,0.104545454545455,0.115454545454545,0.119090909090909,0.0718181818181818,0.0963636363636364,0.117272727272727,0.0927272727272727,0.131818181818182,0.115454545454545,0.140909090909091,0.0881818181818182,0.103636363636364,0.114545454545455,0.129090909090909,0.150909090909091,0.152727272727273,0.148181818181818,0.0645454545454545,0.0936363636363636,0.138181818181818,0.141818181818182,0.136363636363636,0.133636363636364,0.17,0.0881818181818182,0.0845454545454545,0.151818181818182,0.128181818181818,0.154545454545455,0.142727272727273,0.18,0.122727272727273,0.153636363636364,0.196363636363636,0.189090909090909,0.189090909090909,0.178181818181818,0.227272727272727,0.155454545454545,0.262727272727273,0.303636363636364,0.299090909090909,0.309090909090909,0.327272727272727,0.370909090909091,0.329090909090909,0.35,0.337272727272727,0.328181818181818,0.620909090909091,0.609090909090909,0.694545454545455,0.651818181818182,0.766363636363636,0.776363636363636,0.696363636363636,0.743636363636364,0.801818181818182,0.875454545454545,0.874545454545455,0.82,0.867272727272727,0.817272727272727,0.87,0.892727272727273,1.05818181818182,0.986363636363636,0.899090909090909,0.885454545454545,0.815454545454545,0.788181818181818,0.770909090909091,1.10181818181818,1.13636363636364,1.14727272727273,0.957272727272727,0.841818181818182,0.825454545454545,0.804545454545455,1.09181818181818
"7","FR",1,1.27076124567474,1.34342560553633,1.26557093425606,1.34861591695502,1.4022491349481,1.18858131487889,1.20501730103806,1.22923875432526,1.3901384083045,1.18339100346021,1.24740484429066,1.29325259515571,1.13148788927336,1.19031141868512,1.34256055363322,1.37456747404844,1.09083044982699,1.27335640138408,1.3477508650519,1.24567474048443,1.2681660899654,1.29152249134948,1.3477508650519,1.00432525951557,1.19463667820069,1.32006920415225,1.15397923875433,1.2621107266436,1.23875432525952,1.38062283737024,1.10121107266436,1.25346020761246,1.39446366782007,1.22923875432526,1.31833910034602,1.48010380622837,1.47923875432526,1.2560553633218,1.17474048442907,1.32093425605536,1.30103806228374,1.44117647058824,1.39446366782007,1.56141868512111,1.35899653979239,1.31833910034602,1.43425605536332,1.43858131487889,1.36418685121107,1.41868512110727,1.6461937716263,1.41349480968858,1.57439446366782,1.53287197231834,1.38148788927336,1.25865051903114,1.36245674740484,1.55968858131488,1.21626297577855,1.36764705882353,1.37889273356401,1.33304498269896,1.32352941176471,1.30795847750865,1.47837370242215,1.2621107266436,1.34861591695502,1.43166089965398,1.27076124567474,1.37456747404844,1.44204152249135,1.46453287197232,1.11764705882353,1.15657439446367,1.09602076124567,0.790657439446367,0.652249134948097,0.59083044982699,0.589965397923875,0.339965397923875,0.33477508650519,0.30363321799308,0.288062283737024,0.236159169550173,0.246539792387543,0.198096885813149,0.129757785467128,0.115051903114187,0.13840830449827,0.156574394463668,0.181660899653979,0.169550173010381,0.147923875432526,0.10121107266436,0.078719723183391,0.134948096885813,0.162629757785467,0.173875432525952,0.181660899653979,0.130622837370242,0.092560553633218,0.0640138408304498,0.0778546712802768,0.166089965397924,0.18598615916955,0.176470588235294,0.16522491349481,0.0839100346020761,0.0657439446366782,0.149653979238754,0.17560553633218,0.174740484429066,0.203287197231834,0.180795847750865,0.102076124567474,0.0605536332179931,0.160899653979239,0.197231833910035,0.216262975778547,0.206747404844291,0.0934256055363322,0.0977508650519031,0.0795847750865052,0.198961937716263,0.211937716262976,0.252595155709343,0.259515570934256,0.126297577854671,0.114186851211073,0.0769896193771626,0.222318339100346,0.350346020761246,0.318339100346021,0.326124567474048,0.339965397923875,0.273356401384083,0.211072664359862,0.368512110726644,0.417820069204152,0.494809688581315,0.354671280276817,0.300173010380623,0.222318339100346,0.245674740484429,0.391868512110727,0.423875432525952,0.442041522491349,0.517301038062284,0.464532871972318,0.302768166089965,0.244809688581315,0.325259515570934,0.559688581314879,0.506920415224913,0.403114186851211,0.391003460207612,0.281141868512111,0.282871972318339,0.454152249134948,0.485294117647059,0.53719723183391,0.48356401384083,0.471453287197232,0.374567474048443,0.367647058823529,0.567474048442907,0.620242214532872,0.596020761245675,0.617647058823529,0.642733564013841,0.571799307958478,0.467993079584775,0.652249134948097,0.734429065743945,0.741349480968858,0.765570934256055,0.658304498269896,0.578719723183391,0.570934256055363,0.717128027681661,0.694636678200692,0.793252595155709,0.875432525951557,1.0060553633218,0.830449826989619,0.832179930795848,0.954152249134948,0.950692041522491,0.912629757785467,0.934256055363322,1.01038062283737,0.951557093425606,0.949826989619377,0.874567474048443,0.792387543252595,0.948096885813149,0.902249134948097,1.10640138408304,0.958477508650519,0.924740484429066,1.02508650519031,0.965397923875433,1.030276816609,1.00346020761246,1.15743944636678,0.993944636678201,1.00692041522491,1.05190311418685,0.982698961937716,1.05622837370242,0.993944636678201,1.16782006920415
"8","GB",1,1.29703476482618,1.4258691206544,1.36196319018405,1.40439672801636,1.28885480572597,1.12627811860941,1.1579754601227,1.19376278118609,1.43865030674847,1.03834355828221,1.27453987730061,1.15644171779141,0.98159509202454,1.09458077709611,1.14468302658487,1.3461145194274,1.21216768916155,1.44529652351738,1.30879345603272,1.12423312883436,0.972903885480573,1.14468302658487,1.3200408997955,1.03271983640082,1.23159509202454,1.26533742331288,1.10685071574642,1.15541922290389,1.1538854805726,1.29601226993865,1.12372188139059,1.29447852760736,1.35276073619632,1.1359918200409,1.30521472392638,1.43200408997955,1.46523517382413,1.23364008179959,0.748977505112474,1.28067484662577,1.1359918200409,1.30828220858896,1.38650306748466,1.52351738241309,1.08435582822086,1.20858895705521,1.41717791411043,1.27862985685072,1.29959100204499,1.30572597137014,1.44887525562372,1.2418200408998,1.39928425357873,1.36298568507157,1.36656441717791,1.3680981595092,1.4120654396728,1.39826175869121,1.14723926380368,1.39161554192229,1.50613496932515,1.39775051124744,1.32055214723926,1.35736196319018,1.62423312883436,1.19989775051125,1.37167689161554,1.45807770961145,1.20040899795501,1.21779141104294,1.28885480572597,1.54038854805726,1.1620654396728,1.19989775051125,1.37372188139059,1.05010224948875,0.907464212678937,0.945296523517382,0.974437627811861,0.627300613496933,0.664621676891616,0.555725971370143,0.380368098159509,0.305725971370143,0.307770961145194,0.303169734151329,0.211145194274029,0.201431492842536,0.199897750511247,0.210633946830266,0.215235173824131,0.181492842535787,0.210633946830266,0.14519427402863,0.139570552147239,0.155930470347648,0.170756646216769,0.189672801635992,0.178936605316973,0.140081799591002,0.107873210633947,0.120654396728016,0.116564417177914,0.161042944785276,0.200920245398773,0.202965235173824,0.165644171779141,0.1140081799591,0.122699386503067,0.16359918200409,0.193251533742331,0.242842535787321,0.25,0.212678936605317,0.146216768916155,0.139059304703476,0.199897750511247,0.174846625766871,0.221370143149284,0.21881390593047,0.204498977505112,0.12678936605317,0.147239263803681,0.200920245398773,0.221370143149284,0.252044989775051,0.25,0.172290388548057,0.146728016359918,0.152862985685072,0.206032719836401,0.265337423312883,0.268916155419223,0.25,0.275051124744376,0.257668711656442,0.242331288343558,0.276073619631902,0.334355828220859,0.426891615541922,0.337934560327198,0.236707566462168,0.19120654396728,0.236196319018405,0.44478527607362,0.352249488752556,0.420245398773006,0.37678936605317,0.429447852760736,0.344069529652352,0.29038854805726,0.366564417177914,0.466257668711656,0.319529652351738,0.368609406952965,0.30879345603272,0.229038854805726,0.274539877300614,0.370654396728016,0.45398773006135,0.319529652351738,0.281697341513292,0.279652351738241,0.283231083844581,0.307770961145194,0.370143149284254,0.346625766871166,0.343047034764826,0.292433537832311,0.330777096114519,0.419734151329243,0.274028629856851,0.437116564417178,0.514826175869121,0.598670756646217,0.603271983640082,0.397239263803681,0.236196319018405,0.253578732106339,0.30521472392638,0.390081799591002,0.51278118609407,0.5,0.503067484662577,0.396216768916155,0.416155419222904,0.502556237218814,0.596114519427403,0.476482617586912,0.480061349693252,0.707566462167689,0.760736196319018,0.769427402862986,0.587423312883436,0.596625766871166,0.596114519427403,0.737730061349693,0.837934560327198,0.726482617586912,0.711145194274029,0.736196319018405,0.778118609406953,0.801124744376278,0.712167689161554,0.846114519427403,0.59560327198364,0.75920245398773,0.556237218813906,0.691717791411043,0.821574642126789,0.827709611451943,0.91359918200409
"9","IT",1,1.23076923076923,1.30521091811414,1.17535153019024,1.25144747725393,1.26137303556658,1.14474772539289,1.0752688172043,1.10669975186104,1.191894127378,1.00413564929694,1.13151364764268,1.13316790736146,0.822994210090984,0.994210090984284,1.1232423490488,1.24234904880066,0.965260545905707,1.13647642679901,1.16625310173697,1.00992555831266,1.07278742762614,1.1025641025641,1.23573200992556,0.986765922249793,1.14309346567411,1.20181968569065,0.988420181968569,1.04301075268817,1.14226633581472,1.29280397022333,1.01985111662531,1.12076095947064,1.21174524400331,1.04714640198511,1.02481389578164,1.15384615384615,1.24731182795699,1.10835401157982,1.11579818031431,1.1712158808933,1.14805624483044,1.20016542597188,1.29114971050455,1.38296112489661,1.18279569892473,1.27543424317618,1.31430934656741,1.20347394540943,1.23159636062862,1.3010752688172,1.42266335814723,1.22084367245658,1.33498759305211,1.37965260545906,1.00165425971878,1.13813068651778,1.20843672456576,1.29280397022333,1.11497105045492,1.11745244003309,1.10752688172043,0.981803143093466,1.01902398676592,1.02646815550041,1.10669975186104,0.962779156327543,0.988420181968569,0.869313482216708,0.608767576509512,0.45409429280397,0.377998345740281,0.358147229114971,0.139784946236559,0.148056244830438,0.169561621174524,0.181141439205955,0.157154673283706,0.153019023986766,0.162117452440033,0.136476426799007,0.106699751861042,0.136476426799007,0.15136476426799,0.148056244830438,0.120760959470637,0.129859387923904,0.104218362282878,0.109181141439206,0.112489660876758,0.121588089330025,0.13151364764268,0.130686517783292,0.144747725392887,0.119106699751861,0.100909842845327,0.117452440033085,0.134822167080232,0.14722911497105,0.129859387923904,0.126550868486352,0.113316790736146,0.0752688172043011,0.0835401157981803,0.13151364764268,0.139784946236559,0.126550868486352,0.148883374689826,0.0876757650951199,0.0818858560794045,0.116625310173697,0.137303556658395,0.121588089330025,0.148883374689826,0.156327543424318,0.0901571546732837,0.104218362282878,0.124896608767577,0.124069478908189,0.159636062861869,0.156327543424318,0.0926385442514475,0.0876757650951199,0.108354011579818,0.157154673283706,0.15550041356493,0.145574855252275,0.163771712158809,0.174524400330852,0.122415219189413,0.114143920595533,0.152191894127378,0.181968569065343,0.186104218362283,0.220843672456576,0.220843672456576,0.170388751033912,0.153019023986766,0.227460711331679,0.21505376344086,0.253101736972705,0.247311827956989,0.259718775847808,0.211745244003309,0.19933829611249,0.236559139784946,0.226633581472291,0.240694789081886,0.242349048800662,0.188585607940447,0.200165425971878,0.183622828784119,0.221670802315964,0.223325062034739,0.319272125723739,0.270471464019851,0.295285359801489,0.290322580645161,0.2191894127378,0.258064516129032,0.275434243176179,0.272952853598015,0.272952853598015,0.369727047146402,0.296112489660877,0.266335814722912,0.364764267990074,0.338296112489661,0.329197684036394,0.416873449131514,0.422663358147229,0.403639371381307,0.440860215053763,0.45409429280397,0.443341604631927,0.463192721257237,0.485525227460711,0.534325889164599,0.429280397022333,0.488833746898263,0.471464019851117,0.455748552522746,0.663358147229115,0.684863523573201,0.75682382133995,0.692307692307692,0.799007444168734,0.717948717948718,0.612903225806452,0.689826302729528,0.706368899917287,0.825475599669148,0.71712158808933,0.767576509511993,0.723738626964433,0.666666666666667,0.729528535980149,0.698097601323408,0.837055417700579,0.725392886683209,0.679900744416873,0.733664185277089,0.69313482216708,0.744416873449132,0.699751861042184,0.807278742762614,0.902398676592225,0.880893300248139,0.832919768403639,0.755169561621175,0.802315963606286,0.737799834574028,0.939619520264682
"10","JP",1,0.991883116883117,1.00974025974026,1.03814935064935,1.03733766233766,1.01461038961039,0.978084415584416,0.955357142857143,1.00162337662338,1.00162337662338,1.03327922077922,1.01136363636364,0.991071428571429,1.00324675324675,0.962662337662338,0.840097402597403,0.724837662337662,0.564123376623377,0.760551948051948,0.954545454545455,0.956168831168831,0.973214285714286,0.99512987012987,0.978896103896104,0.970779220779221,0.943993506493506,0.888798701298701,0.967532467532468,0.965909090909091,0.924512987012987,0.95211038961039,0.929383116883117,0.93262987012987,0.923701298701299,0.918019480519481,0.924512987012987,0.922077922077922,0.918019480519481,0.924512987012987,0.909902597402597,0.924512987012987,0.88961038961039,0.885551948051948,0.919642857142857,0.899350649350649,0.899350649350649,0.891233766233766,0.857142857142857,0.850649350649351,0.863636363636364,0.872564935064935,0.916396103896104,0.879058441558442,0.864448051948052,0.905844155844156,0.879058441558442,0.86038961038961,0.858766233766234,0.855519480519481,0.876623376623377,0.869318181818182,0.843344155844156,0.828733766233766,0.843344155844156,0.803571428571429,0.818181818181818,0.786525974025974,0.782467532467532,0.705357142857143,0.670454545454545,0.709415584415584,0.717532467532468,0.686688311688312,0.656655844155844,0.607954545454545,0.622564935064935,0.62987012987013,0.655032467532468,0.664772727272727,0.708603896103896,0.659902597402597,0.689935064935065,0.626623376623377,0.586038961038961,0.617694805194805,0.633928571428571,0.612012987012987,0.691558441558442,0.605519480519481,0.599837662337662,0.568993506493506,0.561688311688312,0.57711038961039,0.569805194805195,0.571428571428571,0.556818181818182,0.523538961038961,0.530844155844156,0.460227272727273,0.435876623376623,0.392045454545455,0.363636363636364,0.37012987012987,0.380681818181818,0.38474025974026,0.394480519480519,0.369318181818182,0.3125,0.270292207792208,0.280844155844156,0.250811688311688,0.271103896103896,0.255681818181818,0.255681818181818,0.257305194805195,0.213474025974026,0.20211038961039,0.200487012987013,0.219155844155844,0.248376623376623,0.275974025974026,0.246753246753247,0.198863636363636,0.17775974025974,0.189123376623377,0.215909090909091,0.210227272727273,0.234577922077922,0.212662337662338,0.19724025974026,0.176948051948052,0.223214285714286,0.218344155844156,0.196428571428571,0.239448051948052,0.220779220779221,0.19237012987013,0.206980519480519,0.209415584415584,0.241071428571429,0.232954545454545,0.236201298701299,0.232954545454545,0.234577922077922,0.198051948051948,0.189935064935065,0.233766233766234,0.244318181818182,0.25974025974026,0.25487012987013,0.232142857142857,0.23538961038961,0.250811688311688,0.273538961038961,0.286525974025974,0.297077922077922,0.306006493506494,0.281655844155844,0.265422077922078,0.289772727272727,0.318181818181818,0.306818181818182,0.29788961038961,0.314935064935065,0.306006493506494,0.316558441558442,0.330357142857143,0.394480519480519,0.411525974025974,0.411525974025974,0.419642857142857,0.421266233766234,0.416396103896104,0.393668831168831,0.425324675324675,0.425324675324675,0.423701298701299,0.464285714285714,0.428571428571429,0.418831168831169,0.422077922077922,0.396915584415584,0.504058441558442,0.524350649350649,0.503246753246753,0.484577922077922,0.478896103896104,0.537337662337662,0.491071428571429,0.499188311688312,0.506493506493506,0.539772727272727,0.504058441558442,0.468344155844156,0.496753246753247,0.488636363636364,0.499188311688312,0.527597402597403,0.540584415584416,0.536525974025974,0.448863636363636,0.51461038961039,0.589285714285714,0.714285714285714,0.679383116883117,0.660714285714286,0.663961038961039,0.708603896103896,0.613636363636364,0.612012987012987,0.568993506493506,0.592532467532468,0.609577922077922
"11","RU",1,1.30819672131148,1.32896174863388,1.31693989071038,1.34207650273224,1.32349726775956,1.27322404371585,1.41748633879781,1.29398907103825,1.34098360655738,1.38579234972678,1.37486338797814,1.27213114754098,1.2120218579235,1.27431693989071,1.24699453551913,1.27650273224044,1.11584699453552,1.24153005464481,1.18688524590164,1.15846994535519,1.13551912568306,1.1672131147541,1.18360655737705,1.17486338797814,1.22841530054645,1.23934426229508,1.17814207650273,1.20765027322404,1.1879781420765,1.26338797814208,1.26448087431694,1.23715846994536,1.16612021857923,1.13005464480874,1.1879781420765,1.20109289617486,1.25355191256831,1.21311475409836,1.20109289617486,1.2448087431694,1.12677595628415,1.20109289617486,1.20327868852459,1.23715846994536,1.20765027322404,1.26775956284153,1.2207650273224,1.10710382513661,1.16174863387978,1.20983606557377,1.27322404371585,1.24371584699454,1.23060109289617,1.29726775956284,1.18469945355191,1.23715846994536,1.25245901639344,1.21967213114754,1.21092896174863,1.27540983606557,1.25136612021858,1.26010928961749,1.28743169398907,1.26010928961749,1.39562841530055,1.33005464480874,1.32786885245902,1.40546448087432,1.30273224043716,1.31912568306011,1.24699453551913,1.25245901639344,1.19890710382514,1.2448087431694,1.08196721311475,1.01530054644809,1.04153005464481,1.04918032786885,1.03169398907104,0.92896174863388,0.991256830601093,0.92568306010929,0.8,0.909289617486339,0.893989071038251,0.873224043715847,0.795628415300546,0.808743169398907,0.702732240437158,0.559562841530055,0.424043715846995,0.363934426229508,0.345355191256831,0.26775956284153,0.26448087431694,0.240437158469945,0.216393442622951,0.226229508196721,0.207650273224044,0.245901639344262,0.20655737704918,0.214207650273224,0.185792349726776,0.179234972677596,0.187978142076503,0.174863387978142,0.237158469945355,0.181420765027322,0.182513661202186,0.160655737704918,0.159562841530055,0.178142076502732,0.210928961748634,0.228415300546448,0.212021857923497,0.189071038251366,0.205464480874317,0.189071038251366,0.263387978142076,0.310382513661202,0.368306010928962,0.230601092896175,0.210928961748634,0.212021857923497,0.25792349726776,0.226229508196721,0.204371584699454,0.212021857923497,0.166120218579235,0.220765027322404,0.278688524590164,0.232786885245902,0.244808743169399,0.228415300546448,0.301639344262295,0.276502732240437,0.27431693989071,0.262295081967213,0.255737704918033,0.309289617486339,0.275409836065574,0.309289617486339,0.312568306010929,0.288524590163934,0.309289617486339,0.309289617486339,0.299453551912568,0.326775956284153,0.361748633879781,0.369398907103825,0.316939890710383,0.484153005464481,0.441530054644809,0.452459016393443,0.416393442622951,0.476502732240437,0.46448087431694,0.437158469945355,0.451366120218579,0.402185792349727,0.46120218579235,0.530054644808743,0.559562841530055,0.446994535519126,0.570491803278689,0.59344262295082,0.544262295081967,0.53224043715847,0.545355191256831,0.594535519125683,0.578142076502732,0.612021857923497,0.60983606557377,0.639344262295082,0.608743169398907,0.649180327868852,0.748633879781421,0.654644808743169,0.706010928961749,0.709289617486339,0.699453551912568,0.745355191256831,0.789071038251366,0.849180327868852,0.832786885245902,0.828415300546448,0.814207650273224,0.794535519125683,0.814207650273224,0.843715846994536,0.881967213114754,0.805464480874317,0.813114754098361,0.772677595628415,0.739890710382514,0.801092896174863,0.798907103825137,0.884153005464481,0.875409836065574,0.79672131147541,0.863387978142076,0.8,0.833879781420765,0.808743169398907,0.900546448087432,0.877595628415301,0.888524590163934,0.883060109289618,0.892896174863388,0.911475409836066,0.80327868852459,0.956284153005464
"12","TR",1,1.16389548693587,1.19952494061758,1.16745843230404,1.20427553444181,1.16864608076009,0.890736342042755,1.10926365795724,1.1603325415677,1.22446555819477,0.931116389548694,1.18646080760095,1.19002375296912,1.12351543942993,1.15083135391924,1.07600950118765,1.12945368171021,1.01543942992874,1.20546318289786,1.19239904988124,1.15439429928741,0.815914489311164,1.16152019002375,1.19002375296912,0.581947743467934,0.608076009501188,0.585510688836104,0.828978622327791,0.600950118764846,1.06057007125891,0.697149643705463,0.580760095011877,0.611638954869359,0.598574821852732,0.555819477434679,0.675771971496437,1.17933491686461,1.21852731591449,1.06175771971496,1.08432304038005,0.554631828978622,0.635391923990499,0.577197149643705,0.975059382422803,0.804038004750594,1.05463182897862,1.17933491686461,1.15439429928741,1.0938242280285,1.15795724465558,1.20783847980998,1.16152019002375,1.12826603325416,0.989311163895487,0.796912114014252,0.745843230403801,0.554631828978622,0.619952494061758,0.845605700712589,1.15439429928741,0.717339667458432,0.540380047505938,0.529691211401425,0.55938242280285,0.874109263657957,0.735154394299287,0.612826603325416,0.53562945368171,1.04513064133017,0.697149643705463,0.509501187648456,1.00118764845606,1.09738717339667,1.06532066508314,1.1021377672209,0.961995249406176,0.771971496437055,0.671021377672209,0.60332541567696,0.647268408551069,0.484560570071259,0.347980997624703,0.281472684085511,0.252969121140143,0.250593824228029,0.2541567695962,0.250593824228029,0.173396674584323,0.0534441805225653,0.0570071258907363,0.0855106888361045,0.11520190023753,0.0973871733966746,0.0961995249406176,0.0736342042755344,0.0676959619952494,0.0581947743467933,0.0736342042755344,0.0819477434679335,0.0866983372921615,0.0843230403800475,0.0629453681710214,0.0498812351543943,0.0629453681710214,0.0534441805225653,0.0807600950118765,0.10332541567696,0.0748218527315914,0.0522565320665083,0.0486935866983373,0.111638954869359,0.0961995249406176,0.11520190023753,0.128266033254157,0.0890736342042755,0.0855106888361045,0.0486935866983373,0.0961995249406176,0.100950118764846,0.0973871733966746,0.11520190023753,0.0890736342042755,0.0712589073634204,0.0795724465558195,0.124703087885986,0.118764845605701,0.11520190023753,0.0938242280285036,0.110451306413302,0.104513064133017,0.100950118764846,0.0902612826603325,0.0985748218527316,0.121140142517815,0.0961995249406176,0.111638954869359,0.0831353919239905,0.0771971496437055,0.0795724465558195,0.0843230403800475,0.0997624703087886,0.137767220902613,0.144893111638955,0.111638954869359,0.0783847980997625,0.0783847980997625,0.0985748218527316,0.121140142517815,0.129453681710214,0.0843230403800475,0.0581947743467933,0.0712589073634204,0.147268408551069,0.156769596199525,0.172209026128266,0.220902612826603,0.200712589073634,0.243467933491686,0.217339667458432,0.262470308788599,0.294536817102138,0.326603325415677,0.285035629453682,0.252969121140143,0.185273159144893,0.188836104513064,0.320665083135392,0.350356294536817,0.394299287410926,0.285035629453682,0.288598574821853,0.332541567695962,0.406175771971496,0.403800475059382,0.332541567695962,0.401425178147268,0.410926365795724,0.459619952494062,0.388361045130641,0.421615201900238,0.429928741092637,0.369358669833729,0.517814726840855,0.593824228028504,0.619952494061758,0.540380047505938,0.566508313539192,0.57125890736342,0.514251781472684,0.524940617577197,0.570071258907363,0.587885985748218,0.539192399049881,0.560570071258907,0.55938242280285,0.492874109263658,0.520190023752969,0.623515439429929,0.625890736342043,0.55938242280285,0.57125890736342,0.618764845605701,0.633016627078385,0.675771971496437,0.712589073634204,0.780285035629454,0.756532066508314,0.773159144893112,0.724465558194774,0.691211401425178,0.719714964370546,0.700712589073634,0.800475059382423
"13","US",1,1.22809708870253,1.24193768323447,1.19410922479035,1.23304015817822,1.32256085088975,1.33786732119725,1.30868616622349,1.35835549192064,1.29215245108066,1.06023726733483,1.08154360128179,1.18913206518034,1.22001772686984,1.32937887775278,1.2805277152792,1.34652621531329,0.905808958887298,1.06078270948388,1.32821981318606,1.35695779641372,1.30384536715075,1.41259289561601,1.41433149246608,1.17525738051408,1.1252812436081,1.25659644098998,1.29627735733279,1.3274016499625,1.37724142633122,1.41174064225813,1.21551782914025,1.18030272039272,1.32999250017045,1.29736824163087,1.27142564941706,1.252812436081,1.35948046635304,1.37734369673417,1.11372468807527,1.23402877207336,1.26256221449513,1.39912729256153,1.35082157223699,1.58853207881639,1.43458103224927,1.27660734983296,1.41330878843663,1.4017522329038,1.49307970273403,1.48551169291607,1.6027476648258,1.46434171950637,1.33449239790005,1.37580964068998,1.33677643689916,1.31509511147474,1.50378400490898,1.57060066816663,1.41688825253972,1.25741460421354,1.29436830981114,1.36009408877071,1.44583077657326,1.56456671439285,1.49123883548101,1.36824163087203,1.41368377991409,1.40952478352765,1.37894593304698,1.41474057407786,1.42888797981864,1.31223154019227,1.23944910342947,1.19485920774528,1.22997204608986,1.24882389036613,1.19823413104248,1.06088497988682,1.06323719915456,1.05147610281585,0.895888729801595,0.732392445626236,0.831969727960728,0.802345401240881,0.840696802345401,0.757721415422377,0.646689847958001,0.616076907343015,0.649178427763005,0.673109702052226,0.723938092316084,0.657973682416309,0.640621804049908,0.584782164041726,0.523590372946069,0.550657939592282,0.596850071589282,0.600599986363946,0.540294538760483,0.600974977841413,0.594429672052908,0.386888934342401,0.448932978795936,0.626985750323856,0.639530919751824,0.624394900115906,0.569373423331288,0.485034431035658,0.502318129133429,0.519942728574351,0.597088702529488,0.622383582191314,0.591804731710643,0.582804936251449,0.635269652962433,0.551101111338379,0.573327878911843,0.672223358560033,0.606156678257312,0.631212926978932,0.761403149928411,0.729699325015341,0.64109906593032,0.635815095111475,0.680541351332924,0.703449921592691,0.812947433012886,0.726801663598555,0.714051953364696,0.552601077248244,0.630497034158315,0.679825458512307,0.777152791982,0.760721347242108,0.789016158723665,0.761675871002932,0.63844003545374,0.607554373764233,0.680132269721143,0.805208972523352,0.889854776027818,0.863673552873798,0.743949001159065,0.625860775891457,0.620304083998091,0.71108611167928,0.805583964000818,0.765732596986432,0.83916274630122,0.841583145837595,0.838651394286493,0.856650985204882,0.892070634758301,0.887502556760074,0.930899297743233,0.906320310902025,0.784379900456808,0.812129269789323,0.862105406695302,0.857912320174541,0.900047726188041,1.03091975182382,1.12630394763755,0.989057066884844,0.925990318401855,0.940955887366196,0.962228131178837,1.02168132542442,1.05062384945797,1.07145292152451,0.93134246948933,0.846628485716234,0.939865003068112,0.948080725438058,1.06098725028977,1.11703143110384,1.14164450807936,0.941569509783869,0.821026794845572,0.890366128042544,0.975352832890162,1.00869298425036,1.16731437921865,1.13765596236449,0.789936592350174,0.910786118497307,0.990147951182928,1.00497715961001,1.06180541351333,1.15286016226904,1.10980432262903,1.07462330401582,1.04861253153337,1.09555464648531,1.15166700756801,1.15405331697007,1.21548373900593,1.25513056521443,1.16618940478625,1.05529419785914,1.10073634690121,1.10407718006409,1.05416922342674,1.11999727278925,1.22564259903184,1.18885934410582,1.10414536033272,1.06010090679757,1.10175905093066,1.17276880070907,0.895479648189814,1.22946069407513
