iata,watches,destination
AAE,7.448299319727891,airport/AAE
AAL,168.552871400057,airport/AAL
AAN,44.5,airport/AAN
AAQ,2.23943661971831,airport/AAQ
AAR,167.552871400057,airport/AAR
AAT,9.93849643676462,airport/AAT
ABA,2.23943661971831,airport/ABA
ABE,46.652907413367664,airport/ABE
ABI,27.950526460986715,airport/ABI
ABJ,14.864736164736167,airport/ABJ
ABL,14.891503904595735,airport/ABL
ABQ,234.54179630225653,airport/ABQ
ABR,13.819574080034332,airport/ABR
ABS,21.702267573696147,airport/ABS
ABT,2.782608695652174,airport/ABT
ABV,18.936164736164734,airport/ABV
ABX,23.45787545787546,airport/ABX
ABY,21.986240746701,airport/ABY
ABZ,205.41001425719983,airport/ABZ
ACA,85.87726638772664,airport/ACA
ACC,110.86473616473617,airport/ACC
ACE,198.12810980364205,airport/ACE
ACI,144.88620473339034,airport/ACI
ACK,26.414812175272427,airport/ACK
ACT,48.950526460986715,airport/ACT
ACV,83.57244764325273,airport/ACV
ACX,9.93849643676462,airport/ACX
ACY,78.986240746701,airport/ACY
ADA,158.18685931970865,airport/ADA
ADB,159.18685931970865,airport/ADB
ADD,37.17428571428571,airport/ADD
ADE,3.2857142857142856,airport/ADE
ADF,151.18685931970865,airport/ADF
ADK,14.891503904595735,airport/ADK
ADL,72.45787545787546,airport/ADL
ADQ,18.891503904595734,airport/ADQ
ADZ,110.65240452616689,airport/ADZ
AEP,328.2286593524217,airport/AEP
AER,3.23943661971831,airport/AER
AES,150.5032260099861,airport/AES
AET,16.891503904595734,airport/AET
AEX,30.55766931812957,airport/AEX
AFA,30.72865935242173,airport/AFA
AGA,39.30544217687074,airport/AGA
AGF,265.62764076049007,airport/AGF
AGH,151.31477616196176,airport/AGH
AGP,278.378109803642,airport/AGP
AGR,15.481332755549134,airport/AGR
AGS,42.986240746701,airport/AGS
AGT,24.854785478547853,airport/AGT
AGU,69.87726638772664,airport/AGU
AGX,14.481332755549134,airport/AGX
AHB,4.782608695652174,airport/AHB
AHE,27.947252747252747,airport/AHE
AHN,16.986240746701,airport/AHN
AHO,201.02713709748642,airport/AHO
AHU,36.30544217687074,airport/AHU
AIA,12.20846296892322,airport/AIA
AIN,14.891503904595735,airport/AIN
AIT,26.247252747252748,airport/AIT
AJA,267.62764076049007,airport/AJA
AJF,2.782608695652174,airport/AJF
AJI,151.18685931970865,airport/AJI
AJL,14.481332755549134,airport/AJL
AJR,151.31477616196176,airport/AJR
AJU,31.01570501877774,airport/AJU
AKI,14.891503904595735,airport/AKI
AKJ,146.42088220586126,airport/AKJ
AKL,348.63186813186815,airport/AKL
AKN,14.891503904595735,airport/AKN
AKP,14.891503904595735,airport/AKP
AKS,12.497931480284421,airport/AKS
AKU,9.93849643676462,airport/AKU
AKV,14.093464054164524,airport/AKV
AKX,7.3906203823683185,airport/AKX
ALA,8.390620382368319,airport/ALA
ALB,291.136240746701,airport/ALB
ALC,210.83491553478407,airport/ALC
ALF,151.5032260099861,airport/ALF
ALG,18.448299319727894,airport/ALG
ALH,22.45787545787546,airport/ALH
ALO,19.236240746701,airport/ALO
ALP,2.0,airport/ALP
ALS,68.986240746701,airport/ALS
ALW,30.52470228516254,airport/ALW
AMA,37.950526460986715,airport/AMA
AMD,157.48133275554915,airport/AMD
AMH,7.174285714285714,airport/AMH
AMM,90.0,airport/AMM
AMQ,35.065433024922896,airport/AMQ
AMS,1491.0166809238665,airport/AMS
ANC,291.8915039045957,airport/ANC
ANE,265.62764076049007,airport/ANE
ANF,48.18811881188119,airport/ANF
ANI,14.891503904595735,airport/ANI
ANR,165.81668092386653,airport/ANR
ANU,260.79728082512895,airport/ANU
ANV,14.891503904595735,airport/ANV
ANX,150.5032260099861,airport/ANX
AOE,151.18685931970865,airport/AOE
AOI,201.02713709748642,airport/AOI
AOJ,147.42088220586126,airport/AOJ
AOK,180.40749424034357,airport/AOK
AOO,14.652907413367664,airport/AOO
AOR,33.873095860171944,airport/AOR
APF,120.77571443091152,airport/APF
APL,12.992490842490843,airport/APL
APN,13.361240746700998,airport/APN
APO,36.652404526166904,airport/APO
APW,21.247252747252748,airport/APW
AQG,9.93849643676462,airport/AQG
AQI,2.782608695652174,airport/AQI
AQJ,22.0,airport/AQJ
AQP,64.3131188118812,airport/AQP
ARC,15.891503904595735,airport/ARC
ARH,2.23943661971831,airport/ARH
ARI,47.18811881188119,airport/ARI
ARK,15.674285714285714,airport/ARK
ARM,22.45787545787546,airport/ARM
ARN,223.5647761619618,airport/ARN
ART,170.136240746701,airport/ART
ASB,8.208802200550137,airport/ASB
ASE,147.98624074670101,airport/ASE
ASF,2.23943661971831,airport/ASF
ASJ,146.42088220586126,airport/ASJ
ASM,13.840952380952382,airport/ASM
ASO,7.174285714285714,airport/ASO
ASP,24.45787545787546,airport/ASP
ASR,151.18685931970865,airport/ASR
ASU,51.85478547854785,airport/ASU
ASW,21.702267573696147,airport/ASW
ATH,641.4074942403436,airport/ATH
ATK,14.891503904595735,airport/ATK
ATL,1345.986240746701,airport/ATL
ATQ,30.48133275554914,airport/ATQ
ATT,14.891503904595735,airport/ATT
ATW,41.43068519114544,airport/ATW
ATY,12.819574080034332,airport/ATY
ATZ,40.70226757369615,airport/ATZ
AUA,630.9306141584622,airport/AUA
AUG,37.152907413367664,airport/AUG
AUH,72.5,airport/AUH
AUK,14.891503904595735,airport/AUK
AUQ,24.947252747252747,airport/AUQ
AUR,265.62764076049007,airport/AUR
AUS,1100.9505264609868,airport/AUS
AVL,164.0973518578121,airport/AVL
AVN,266.62764076049007,airport/AVN
AVP,38.652907413367664,airport/AVP
AVV,194.95787545787547,airport/AVV
AXA,221.79728082512892,airport/AXA
AXD,178.40749424034357,airport/AXD
AXM,46.652404526166904,airport/AXM
AXP,238.37737341772151,airport/AXP
AXT,147.42088220586126,airport/AXT
AXU,7.174285714285714,airport/AXU
AYP,52.31311881188119,airport/AYP
AYQ,23.45787545787546,airport/AYQ
AYT,176.18685931970865,airport/AYT
AZA,825.6680589285191,airport/AZA
AZN,7.54213553388347,airport/AZN
AZO,30.361240746701,airport/AZO
AZR,7.448299319727891,airport/AZR
AZS,276.88987341772156,airport/AZS
BAH,24.0,airport/BAH
BAL,151.18685931970865,airport/BAL
BAQ,103.65240452616689,airport/BAQ
BAV,9.93849643676462,airport/BAV
BAX,2.23943661971831,airport/BAX
BAY,147.04268824987386,airport/BAY
BBA,44.18811881188119,airport/BBA
BBI,15.481332755549134,airport/BBI
BBK,14.292490842490842,airport/BBK
BBN,32.873095860171944,airport/BBN
BCD,56.97654413603401,airport/BCD
BCM,148.04268824987386,airport/BCM
BCN,1215.378109803642,airport/BCN
BDA,350.1898734177215,airport/BDA
BDB,22.45787545787546,airport/BDB
BDJ,35.065433024922896,airport/BDJ
BDL,265.986240746701,airport/BDL
BDO,39.065433024922896,airport/BDO
BDQ,28.48133275554914,airport/BDQ
BDS,202.02713709748642,airport/BDS
BDU,154.5032260099861,airport/BDU
BEB,188.41001425719986,airport/BEB
BEG,193.81191901910464,airport/BEG
BEJ,35.065433024922896,airport/BEJ
BEL,33.01570501877774,airport/BEL
BEN,6.591156462585035,airport/BEN
BES,266.62764076049007,airport/BES
BET,15.891503904595735,airport/BET
BEW,12.992490842490843,airport/BEW
BEY,144.0,airport/BEY
BFD,13.652907413367664,airport/BFD
BFF,12.20846296892322,airport/BFF
BFI,1284.0247022851624,airport/BFI
BFL,93.57244764325273,airport/BFL
BFN,24.239859263543472,airport/BFN
BFS,202.69572854291414,airport/BFS
BGA,58.6524045261669,airport/BGA
BGF,5.7476190476190485,airport/BGF
BGI,356.4861697140178,airport/BGI
BGM,175.136240746701,airport/BGM
BGO,175.50322600998607,airport/BGO
BGR,63.152907413367664,airport/BGR
BGW,21.0,airport/BGW
BGY,289.2771370974864,airport/BGY
BHB,39.152907413367664,airport/BHB
BHD,205.69572854291414,airport/BHD
BHE,45.63186813186814,airport/BHE
BHH,2.782608695652174,airport/BHH
BHI,30.72865935242173,airport/BHI
BHJ,16.481332755549133,airport/BHJ
BHK,7.54213553388347,airport/BHK
BHM,131.48624074670101,airport/BHM
BHO,16.481332755549133,airport/BHO
BHQ,22.45787545787546,airport/BHQ
BHS,22.45787545787546,airport/BHS
BHU,14.481332755549134,airport/BHU
BHV,8.620618469834849,airport/BHV
BHX,205.49572854291412,airport/BHX
BHY,10.93849643676462,airport/BHY
BIA,268.62764076049007,airport/BIA
BID,27.486240746701,airport/BID
BIK,35.065433024922896,airport/BIK
BIL,75.45290741336767,airport/BIL
BIM,240.37737341772151,airport/BIM
BIO,204.37810980364205,airport/BIO
BIQ,269.62764076049007,airport/BIQ
BIS,37.986240746701,airport/BIS
BJA,7.448299319727891,airport/BJA
BJF,150.5032260099861,airport/BJF
BJI,25.875129635589886,airport/BJI
BJL,12.864736164736167,airport/BJL
BJM,8.840952380952382,airport/BJM
BJR,7.174285714285714,airport/BJR
BJV,156.18685931970865,airport/BJV
BJX,116.87726638772664,airport/BJX
BJZ,175.37810980364205,airport/BJZ
BKC,14.891503904595735,airport/BKC
BKG,23.20846296892322,airport/BKG
BKI,35.873095860171944,airport/BKI
BKK,867.351544136034,airport/BKK
BKO,12.080952380952382,airport/BKO
BKS,35.065433024922896,airport/BKS
BKW,17.55766931812957,airport/BKW
BLA,26.53811881188119,airport/BLA
BLE,151.31477616196176,airport/BLE
BLI,48.52470228516254,airport/BLI
BLJ,7.448299319727891,airport/BLJ
BLK,169.49572854291415,airport/BLK
BLL,174.552871400057,airport/BLL
BLQ,245.02713709748642,airport/BLQ
BLR,150.48133275554915,airport/BLR
BLZ,16.292490842490842,airport/BLZ
BMA,197.56477616196176,airport/BMA
BME,22.45787545787546,airport/BME
BMI,20.168058928519184,airport/BMI
BMU,36.065433024922896,airport/BMU
BMV,52.37654413603401,airport/BMV
BNA,1196.486240746701,airport/BNA
BNE,205.45787545787547,airport/BNE
BNI,8.936164736164736,airport/BNI
BNK,22.45787545787546,airport/BNK
BNN,150.5032260099861,airport/BNN
BNS,21.53811881188119,airport/BNS
BNX,151.80749424034357,airport/BNX
BOB,186.94725274725275,airport/BOB
BOD,284.62764076049007,airport/BOD
BOG,585.6524045261668,airport/BOG
BOH,169.49572854291415,airport/BOH
BOI,174.81957408003433,airport/BOI
BOJ,153.31191901910464,airport/BOJ
BOM,351.4813327555491,airport/BOM
BON,249.93061415846225,airport/BON
BOO,151.5032260099861,airport/BOO
BOS,1911.4148121752723,airport/BOS
BOY,5.864736164736165,airport/BOY
BPN,39.065433024922896,airport/BPN
BPS,40.01570501877774,airport/BPS
BPT,28.950526460986715,airport/BPT
BQK,17.986240746701,airport/BQK
BQN,291.3482067510549,airport/BQN
BQS,12.177933056482932,airport/BQS
BRC,46.72865935242173,airport/BRC
BRD,23.875129635589886,airport/BRD
BRE,182.80091372809935,airport/BRE
BRI,209.02713709748642,airport/BRI
BRL,13.236240746700998,airport/BRL
BRM,21.53811881188119,airport/BRM
BRN,253.11853277571836,airport/BRN
BRO,38.950526460986715,airport/BRO
BRQ,160.32091372809933,airport/BRQ
BRR,192.41001425719983,airport/BRR
BRS,190.49572854291412,airport/BRS
BRU,268.3166809238665,airport/BRU
BRW,14.891503904595735,airport/BRW
BSB,100.01570501877774,airport/BSB
BSD,9.93849643676462,airport/BSD
BSK,7.448299319727891,airport/BSK
BSL,286.62764076049007,airport/BSL
BSO,46.97654413603401,airport/BSO
BSR,6.0,airport/BSR
BTH,37.065433024922896,airport/BTH
BTI,14.891503904595735,airport/BTI
BTJ,36.065433024922896,airport/BTJ
BTK,2.23943661971831,airport/BTK
BTM,29.45290741336767,airport/BTM
BTR,66.55766931812957,airport/BTR
BTS,162.82091372809933,airport/BTS
BTT,15.891503904595735,airport/BTT
BTU,32.873095860171944,airport/BTU
BTV,121.486240746701,airport/BTV
BUD,396.3209137280993,airport/BUD
BUF,374.136240746701,airport/BUF
BUQ,14.95915750915751,airport/BUQ
BUR,302.5724476432527,airport/BUR
BUS,26.631229235880397,airport/BUS
BVA,819.9609740938233,airport/BVA
BVB,29.01570501877774,airport/BVB
BVC,14.114736164736167,airport/BVC
BVE,265.62764076049007,airport/BVE
BWI,820.3195740800343,airport/BWI
BWK,190.55749424034357,airport/BWK
BWN,31.976544136034008,airport/BWN
BWT,22.45787545787546,airport/BWT
BXU,45.97654413603401,airport/BXU
BZE,147.6547619047619,airport/BZE
BZG,154.52091372809934,airport/BZG
BZN,141.45290741336765,airport/BZN
BZO,200.02713709748642,airport/BZO
BZV,6.7476190476190485,airport/BZV
CAB,5.9142857142857155,airport/CAB
CAE,96.81957408003433,airport/CAE
CAG,205.02713709748642,airport/CAG
CAH,52.37654413603401,airport/CAH
CAI,237.70226757369613,airport/CAI
CAJ,21.53811881188119,airport/CAJ
CAK,84.12909788955814,airport/CAK
CAL,188.41001425719986,airport/CAL
CAN,86.93849643676461,airport/CAN
CAP,235.22320675105485,airport/CAP
CAY,21.18811881188119,airport/CAY
CAZ,22.45787545787546,airport/CAZ
CBB,33.473833097595474,airport/CBB
CBG,172.49572854291412,airport/CBG
CBO,44.97654413603401,airport/CBO
CBQ,7.936164736164736,airport/CBQ
CBR,26.45787545787546,airport/CBR
CCC,278.11209563994373,airport/CCC
CCJ,17.481332755549133,airport/CCJ
CCK,47.065433024922896,airport/CCK
CCP,48.18811881188119,airport/CCP
CCS,109.53811881188119,airport/CCS
CCU,50.48133275554913,airport/CCU
CDB,14.891503904595735,airport/CDB
CDC,45.986240746701,airport/CDC
CDG,1103.9609740938236,airport/CDG
CDR,12.20846296892322,airport/CDR
CDV,14.891503904595735,airport/CDV
CEB,197.97654413603402,airport/CEB
CEC,74.57244764325272,airport/CEC
CED,22.45787545787546,airport/CED
CEI,144.85154413603402,airport/CEI
CEK,3.23943661971831,airport/CEK
CEN,57.21059972105997,airport/CEN
CEZ,64.986240746701,airport/CEZ
CFE,265.62764076049007,airport/CFE
CFG,274.11209563994373,airport/CFG
CFN,319.57668092386655,airport/CFN
CFR,265.62764076049007,airport/CFR
CFS,25.45787545787546,airport/CFS
CFU,184.40749424034357,airport/CFU
CGB,30.01570501877774,airport/CGB
CGD,9.93849643676462,airport/CGD
CGH,139.34903835211108,airport/CGH
CGI,14.208462968923222,airport/CGI
CGK,131.0654330249229,airport/CGK
CGN,201.80091372809935,airport/CGN
CGO,12.93849643676462,airport/CGO
CGP,14.328951803168183,airport/CGP
CGQ,10.93849643676462,airport/CGQ
CGR,32.01570501877774,airport/CGR
CGY,52.97654413603401,airport/CGY
CHA,88.486240746701,airport/CHA
CHC,85.63186813186813,airport/CHC
CHG,9.93849643676462,airport/CHG
CHO,52.986240746701,airport/CHO
CHQ,185.40749424034357,airport/CHQ
CHS,439.8195740800343,airport/CHS
CHU,14.891503904595735,airport/CHU
CIC,78.57244764325272,airport/CIC
CID,63.236240746701,airport/CID
CIF,14.93849643676462,airport/CIF
CIH,9.93849643676462,airport/CIH
CIP,13.1496336996337,airport/CIP
CIT,7.3906203823683185,airport/CIT
CIU,14.361240746700998,airport/CIU
CIW,220.48616971401782,airport/CIW
CIX,57.31311881188119,airport/CIX
CJA,52.31311881188119,airport/CJA
CJB,22.481332755549133,airport/CJB
CJC,45.18811881188119,airport/CJC
CJJ,44.416510621161784,airport/CJJ
CJS,69.87726638772664,airport/CJS
CJU,56.416510621161784,airport/CJU
CKB,16.55766931812957,airport/CKB
CKD,14.891503904595735,airport/CKD
CKG,16.93849643676462,airport/CKG
CKY,10.864736164736167,airport/CKY
CLD,1020.0724476432528,airport/CLD
CLE,337.1290978895581,airport/CLE
CLJ,151.04268824987386,airport/CLJ
CLL,26.950526460986715,airport/CLL
CLM,30.52470228516254,airport/CLM
CLO,155.65240452616692,airport/CLO
CLQ,58.877266387726635,airport/CLQ
CLT,654.0973518578121,airport/CLT
CLY,265.62764076049007,airport/CLY
CMB,199.99561846983485,airport/CMB
CME,59.877266387726635,airport/CME
CMF,268.62764076049007,airport/CMF
CMH,213.12909788955812,airport/CMH
CMI,22.168058928519184,airport/CMI
CMN,121.30544217687074,airport/CMN
CMW,279.11209563994373,airport/CMW
CMX,15.361240746700998,airport/CMX
CND,147.04268824987386,airport/CND
CNF,55.515705018777744,airport/CNF
CNJ,22.45787545787546,airport/CNJ
CNM,20.541796302256554,airport/CNM
CNQ,30.72865935242173,airport/CNQ
CNS,58.45787545787546,airport/CNS
CNX,229.85154413603402,airport/CNX
CNY,48.986240746701,airport/CNY
COD,34.486240746701,airport/COD
COK,85.48133275554913,airport/COK
COO,8.864736164736167,airport/COO
COQ,9.083177287828452,airport/COQ
COR,52.72865935242173,airport/COR
COS,239.986240746701,airport/COS
COU,20.20846296892322,airport/COU
CPC,31.72865935242173,airport/CPC
CPD,22.45787545787546,airport/CPD
CPE,52.877266387726635,airport/CPE
CPH,3405.552871400057,airport/CPH
CPO,44.18811881188119,airport/CPO
CPQ,30.01570501877774,airport/CPQ
CPR,27.486240746701,airport/CPR
CPT,277.23985926354345,airport/CPT
CPV,32.01570501877774,airport/CPV
CPX,250.34820675105485,airport/CPX
CRA,147.04268824987386,airport/CRA
CRD,30.72865935242173,airport/CRD
CRI,238.37737341772151,airport/CRI
CRK,90.97654413603401,airport/CRK
CRL,243.3166809238665,airport/CRL
CRM,43.97654413603401,airport/CRM
CRP,51.950526460986715,airport/CRP
CRW,39.55766931812957,airport/CRW
CSG,17.986240746701,airport/CSG
CSK,8.531402831402833,airport/CSK
CSX,11.93849643676462,airport/CSX
CTA,228.02713709748642,airport/CTA
CTC,30.72865935242173,airport/CTC
CTG,302.6524045261669,airport/CTG
CTL,22.45787545787546,airport/CTL
CTS,165.42088220586126,airport/CTS
CTU,29.938496436764623,airport/CTU
CUC,60.6524045261669,airport/CUC
CUE,43.330975954738335,airport/CUE
CUF,200.02713709748642,airport/CUF
CUK,86.1547619047619,airport/CUK
CUL,64.21059972105996,airport/CUL
CUM,21.53811881188119,airport/CUM
CUN,1736.3772663877269,airport/CUN
CUR,293.9306141584623,airport/CUR
CUU,69.87726638772664,airport/CUU
CUZ,212.3131188118812,airport/CUZ
CVG,152.62909788955812,airport/CVG
CVM,50.877266387726635,airport/CVM
CVN,28.506082016542265,airport/CVN
CVU,186.09162122447054,airport/CVU
CWA,24.430685191145443,airport/CWA
CWB,54.015705018777744,airport/CWB
CWL,195.69572854291414,airport/CWL
CXI,19.247252747252748,airport/CXI
CXJ,29.01570501877774,airport/CXJ
CXR,58.37654413603401,airport/CXR
CYB,233.8898734177215,airport/CYB
CYF,14.891503904595735,airport/CYF
CYP,45.97654413603401,airport/CYP
CYS,24.486240746701,airport/CYS
CYX,2.23943661971831,airport/CYX
CZE,21.53811881188119,airport/CZE
CZH,85.1547619047619,airport/CZH
CZL,7.448299319727891,airport/CZL
CZM,130.37726638772665,airport/CZM
CZS,29.01570501877774,airport/CZS
CZX,9.93849643676462,airport/CZX
DAB,180.77571443091153,airport/DAB
DAC,54.32895180316818,airport/DAC
DAD,75.37654413603401,airport/DAD
DAL,639.4505264609867,airport/DAL
DAM,3.0,airport/DAM
DAR,49.674285714285716,airport/DAR
DAT,9.93849643676462,airport/DAT
DAX,9.93849643676462,airport/DAX
DAY,100.12909788955814,airport/DAY
DBO,22.45787545787546,airport/DBO
DBQ,14.236240746700998,airport/DBQ
DBV,229.55749424034357,airport/DBV
DCA,658.6529074133676,airport/DCA
DCM,266.62764076049007,airport/DCM
DDC,14.611240746700998,airport/DDC
DDG,9.93849643676462,airport/DDG
DEA,8.620618469834849,airport/DEA
DEC,12.16805892851918,airport/DEC
DED,15.481332755549134,airport/DED
DEL,491.4813327555491,airport/DEL
DEN,2835.986240746701,airport/DEN
DFW,764.4505264609867,airport/DFW
DGA,85.1547619047619,airport/DGA
DGE,29.45787545787546,airport/DGE
DGO,69.87726638772664,airport/DGO
DGT,45.97654413603401,airport/DGT
DHM,16.481332755549133,airport/DHM
DHN,21.486240746701,airport/DHN
DIB,14.481332755549134,airport/DIB
DIE,12.588320802005015,airport/DIE
DIG,9.93849643676462,airport/DIG
DIJ,265.62764076049007,airport/DIJ
DIK,14.986240746700998,airport/DIK
DIL,28.976544136034008,airport/DIL
DIN,52.37654413603401,airport/DIN
DIR,7.174285714285714,airport/DIR
DIU,14.481332755549134,airport/DIU
DIY,151.18685931970865,airport/DIY
DJB,35.065433024922896,airport/DJB
DJE,10.091156462585035,airport/DJE
DJJ,35.065433024922896,airport/DJJ
DKR,34.53140283140283,airport/DKR
DLA,13.364736164736167,airport/DLA
DLC,18.93849643676462,airport/DLC
DLG,14.891503904595735,airport/DLG
DLH,35.875129635589886,airport/DLH
DLI,54.37654413603401,airport/DLI
DLM,159.18685931970865,airport/DLM
DLU,11.93849643676462,airport/DLU
DLZ,9.083177287828452,airport/DLZ
DME,68.57276995305163,airport/DME
DMK,683.351544136034,airport/DMK
DMM,14.782608695652174,airport/DMM
DMU,14.481332755549134,airport/DMU
DND,189.41001425719986,airport/DND
DNH,9.93849643676462,airport/DNH
DNK,156.3781527853384,airport/DNK
DNR,266.62764076049007,airport/DNR
DNZ,151.18685931970865,airport/DNZ
DOH,54.0,airport/DOH
DOK,154.3781527853384,airport/DOK
DOL,265.62764076049007,airport/DOL
DOM,226.79728082512892,airport/DOM
DOY,9.93849643676462,airport/DOY
DPL,44.97654413603401,airport/DPL
DPO,22.45787545787546,airport/DPO
DPS,1138.065433024923,airport/DPS
DRK,145.35476190476192,airport/DRK
DRO,103.986240746701,airport/DRO
DRS,183.80091372809935,airport/DRS
DRT,19.950526460986712,airport/DRT
DRW,30.45787545787546,airport/DRW
DSK,8.620618469834849,airport/DSK
DSM,111.236240746701,airport/DSM
DSN,9.93849643676462,airport/DSN
DTM,182.80091372809935,airport/DTM
DTW,584.361240746701,airport/DTW
DUB,1097.5766809238664,airport/DUB
DUD,54.63186813186814,airport/DUD
DUJ,13.652907413367664,airport/DUJ
DUR,41.23985926354347,airport/DUR
DUS,224.80091372809932,airport/DUS
DUT,14.891503904595735,airport/DUT
DVL,11.986240746700998,airport/DVL
DVO,69.97654413603401,airport/DVO
DWC,268.5,airport/DWC
DXB,376.5,airport/DXB
DYG,10.93849643676462,airport/DYG
DYR,2.23943661971831,airport/DYR
DYU,10.54213553388347,airport/DYU
DZA,7.788320802005012,airport/DZA
EAM,2.782608695652174,airport/EAM
EAR,13.20846296892322,airport/EAR
EAS,187.37810980364205,airport/EAS
EAT,35.52470228516254,airport/EAT
EAU,14.430685191145443,airport/EAU
EBB,41.84095238095238,airport/EBB
EBJ,164.552871400057,airport/EBJ
EBL,9.0,airport/EBL
EBU,265.62764076049007,airport/EBU
ECN,149.46463709748642,airport/ECN
ECP,186.77571443091153,airport/ECP
EDI,455.4100142571998,airport/EDI
EDL,15.640952380952383,airport/EDL
EDO,154.18685931970865,airport/EDO
EEK,14.891503904595735,airport/EEK
EFL,178.40749424034357,airport/EFL
EGC,265.62764076049007,airport/EGC
EGE,123.986240746701,airport/EGE
EGM,12.497931480284421,airport/EGM
EGO,2.23943661971831,airport/EGO
EIN,194.01668092386652,airport/EIN
EIS,250.29728082512892,airport/EIS
EJA,36.652404526166904,airport/EJA
EJH,2.782608695652174,airport/EJH
EKO,23.986240746701,airport/EKO
ELD,13.486240746700998,airport/ELD
ELH,243.37737341772151,airport/ELH
ELI,14.891503904595735,airport/ELI
ELM,177.136240746701,airport/ELM
ELP,156.9505264609867,airport/ELP
ELQ,3.782608695652174,airport/ELQ
ELS,24.239859263543472,airport/ELS
EMA,173.49572854291412,airport/EMA
EMD,23.45787545787546,airport/EMD
EMK,14.891503904595735,airport/EMK
ENA,15.891503904595735,airport/ENA
ENE,35.065433024922896,airport/ENE
ENH,9.93849643676462,airport/ENH
ENU,9.936164736164736,airport/ENU
ENY,9.93849643676462,airport/ENY
EOH,162.65240452616692,airport/EOH
EPR,23.45787545787546,airport/EPR
EQS,33.72865935242173,airport/EQS
ERC,151.18685931970865,airport/ERC
ERF,175.80091372809932,airport/ERF
ERI,27.652907413367668,airport/ERI
ERS,18.125824175824178,airport/ERS
ERZ,151.18685931970865,airport/ERZ
ESB,170.18685931970865,airport/ESB
ESC,15.361240746700998,airport/ESC
ESD,34.52470228516254,airport/ESD
ESM,30.33097595473833,airport/ESM
ESU,37.30544217687074,airport/ESU
ETH,53.25,airport/ETH
ETZ,265.62764076049007,airport/ETZ
EUG,120.12909788955814,airport/EUG
EUN,6.591156462585035,airport/EUN
EUX,223.79728082512892,airport/EUX
EVE,153.5032260099861,airport/EVE
EVG,151.31477616196176,airport/EVG
EVN,25.964562569213733,airport/EVN
EVV,46.236240746701,airport/EVV
EWB,18.414812175272427,airport/EWB
EWN,40.097351857812114,airport/EWN
EWR,2006.6529074133675,airport/EWR
EXT,169.49572854291415,airport/EXT
EYP,38.652404526166904,airport/EYP
EYW,278.77571443091153,airport/EYW
EZE,376.2286593524217,airport/EZE
EZS,151.18685931970865,airport/EZS
FAE,160.88620473339034,airport/FAE
FAI,86.89150390459574,airport/FAI
FAO,213.86939900224831,airport/FAO
FAR,62.986240746701,airport/FAR
FAT,199.5724476432527,airport/FAT
FAV,12.747252747252748,airport/FAV
FAY,63.097351857812114,airport/FAY
FBM,8.247619047619049,airport/FBM
FCA,84.45290741336767,airport/FCA
FCO,1365.0271370974865,airport/FCO
FDE,151.5032260099861,airport/FDE
FDF,240.98616971401782,airport/FDF
FDH,178.80091372809935,airport/FDH
FEG,7.54213553388347,airport/FEG
FEN,39.01570501877774,airport/FEN
FEZ,37.30544217687074,airport/FEZ
FIH,10.247619047619049,airport/FIH
FKB,178.80091372809935,airport/FKB
FKL,13.652907413367664,airport/FKL
FKS,146.42088220586126,airport/FKS
FLA,37.652404526166904,airport/FLA
FLG,57.66805892851919,airport/FLG
FLL,1702.7757144309116,airport/FLL
FLN,69.01570501877774,airport/FLN
FLO,34.81957408003433,airport/FLO
FLR,443.0271370974864,airport/FLR
FLW,185.09162122447054,airport/FLW
FMA,31.72865935242173,airport/FMA
FMM,176.80091372809932,airport/FMM
FMN,21.541796302256554,airport/FMN
FMO,175.80091372809932,airport/FMO
FNA,8.864736164736167,airport/FNA
FNC,200.86939900224831,airport/FNC
FNJ,8.68317728782845,airport/FNJ
FNT,66.361240746701,airport/FNT
FOC,17.93849643676462,airport/FOC
FOD,13.236240746700998,airport/FOD
FOE,13.611240746700998,airport/FOE
FOR,59.015705018777744,airport/FOR
FPO,252.37737341772151,airport/FPO
FRA,580.8009137280993,airport/FRA
FRD,30.52470228516254,airport/FRD
FRO,151.5032260099861,airport/FRO
FRS,156.6547619047619,airport/FRS
FRU,11.208802200550137,airport/FRU
FRW,15.292490842490844,airport/FRW
FSC,278.62764076049007,airport/FSC
FSD,41.819574080034336,airport/FSD
FSM,19.486240746701,airport/FSM
FSP,264.0844464916321,airport/FSP
FSZ,148.42088220586126,airport/FSZ
FTE,38.72865935242173,airport/FTE
FTU,12.588320802005015,airport/FTU
FUE,198.12810980364205,airport/FUE
FUG,9.93849643676462,airport/FUG
FUJ,146.42088220586126,airport/FUJ
FUK,158.42088220586126,airport/FUK
FUN,13.747252747252748,airport/FUN
FUO,9.93849643676462,airport/FUO
FWA,56.236240746701,airport/FWA
FYU,14.891503904595735,airport/FYU
GAJ,146.42088220586126,airport/GAJ
GAL,14.891503904595735,airport/GAL
GAM,14.891503904595735,airport/GAM
GAU,16.481332755549133,airport/GAU
GAY,14.481332755549134,airport/GAY
GBE,15.292490842490844,airport/GBE
GCC,21.486240746701,airport/GCC
GCI,144.88620473339034,airport/GCI
GCK,16.611240746701,airport/GCK
GCM,333.88987341772156,airport/GCM
GCN,67.66805892851919,airport/GCN
GDE,7.174285714285714,airport/GDE
GDL,347.3772663877266,airport/GDL
GDN,162.52091372809934,airport/GDN
GDQ,7.174285714285714,airport/GDQ
GDT,252.85654008438817,airport/GDT
GDV,22.452907413367665,airport/GDV
GDX,2.23943661971831,airport/GDX
GDZ,2.23943661971831,airport/GDZ
GEG,162.52470228516253,airport/GEG
GEO,34.68811881188119,airport/GEO
GES,44.97654413603401,airport/GES
GET,23.45787545787546,airport/GET
GEV,152.31477616196176,airport/GEV
GFF,23.45787545787546,airport/GFF
GFK,23.986240746701,airport/GFK
GFN,22.45787545787546,airport/GFN
GGG,20.950526460986712,airport/GGG
GGT,253.37737341772151,airport/GGT
GGW,23.452907413367665,airport/GGW
GHA,7.448299319727891,airport/GHA
GHB,241.37737341772151,airport/GHB
GIB,182.37810980364205,airport/GIB
GIG,256.01570501877774,airport/GIG
GIS,46.63186813186814,airport/GIS
GIZ,2.782608695652174,airport/GIZ
GJT,86.986240746701,airport/GJT
GKA,12.312637362637362,airport/GKA
GLA,337.41001425719986,airport/GLA
GLF,145.35476190476192,airport/GLF
GLH,12.700526460986712,airport/GLH
GLT,22.45787545787546,airport/GLT
GLV,14.891503904595735,airport/GLV
GMB,7.174285714285714,airport/GMB
GMP,310.41651062116176,airport/GMP
GMR,12.747252747252748,airport/GMR
GMZ,186.12810980364205,airport/GMZ
GNB,294.12764076049007,airport/GNB
GND,268.4861697140178,airport/GND
GNV,116.77571443091152,airport/GNV
GOA,212.02713709748642,airport/GOA
GOH,156.88620473339034,airport/GOH
GOI,44.48133275554913,airport/GOI
GOJ,3.23943661971831,airport/GOJ
GOP,14.481332755549134,airport/GOP
GOT,161.31477616196176,airport/GOT
GOU,6.364736164736165,airport/GOU
GOV,23.45787545787546,airport/GOV
GPA,178.40749424034357,airport/GPA
GPS,60.33097595473833,airport/GPS
GPT,59.700526460986715,airport/GPT
GRB,45.43068519114544,airport/GRB
GRI,26.20846296892322,airport/GRI
GRJ,29.239859263543472,airport/GRJ
GRK,42.950526460986715,airport/GRK
GRO,178.37810980364205,airport/GRO
GRR,118.361240746701,airport/GRR
GRU,222.34903835211105,airport/GRU
GRW,185.09162122447054,airport/GRW
GRX,191.37810980364205,airport/GRX
GRZ,170.82091372809933,airport/GRZ
GSE,159.31477616196176,airport/GSE
GSO,123.09735185781211,airport/GSO
GSP,134.81957408003433,airport/GSP
GST,15.891503904595735,airport/GST
GTE,22.45787545787546,airport/GTE
GTF,34.45290741336767,airport/GTF
GTO,35.065433024922896,airport/GTO
GTR,16.700526460986712,airport/GTR
GUA,268.65476190476187,airport/GUA
GUC,75.986240746701,airport/GUC
GUM,82.46263736263735,airport/GUM
GUR,12.312637362637362,airport/GUR
GUW,7.3906203823683185,airport/GUW
GVA,382.11853277571834,airport/GVA
GWL,14.481332755549134,airport/GWL
GWT,175.80091372809932,airport/GWT
GXF,2.2857142857142856,airport/GXF
GYD,23.964562569213733,airport/GYD
GYE,173.33097595473834,airport/GYE
GYN,45.01570501877774,airport/GYN
GYS,9.93849643676462,airport/GYS
GZO,12.497931480284421,airport/GZO
GZP,152.18685931970865,airport/GZP
GZT,153.18685931970865,airport/GZT
HAA,150.5032260099861,airport/HAA
HAC,146.42088220586126,airport/HAC
HAD,151.31477616196176,airport/HAD
HAH,7.788320802005012,airport/HAH
HAJ,196.80091372809935,airport/HAJ
HAK,9.93849643676462,airport/HAK
HAM,257.8009137280993,airport/HAM
HAN,182.37654413603403,airport/HAN
HAS,3.782608695652174,airport/HAS
HAU,151.5032260099861,airport/HAU
HAV,557.1120956399437,airport/HAV
HBA,42.45787545787546,airport/HBA
HBE,37.70226757369614,airport/HBE
HCR,14.891503904595735,airport/HCR
HDN,75.986240746701,airport/HDN
HDS,23.239859263543472,airport/HDS
HDY,141.85154413603402,airport/HDY
HEA,8.208802200550137,airport/HEA
HEK,12.177933056482932,airport/HEK
HEL,243.63620473339034,airport/HEL
HER,190.40749424034357,airport/HER
HET,9.93849643676462,airport/HET
HFE,9.93849643676462,airport/HFE
HFT,150.5032260099861,airport/HFT
HGA,7.840952380952381,airport/HGA
HGD,22.45787545787546,airport/HGD
HGH,19.93849643676462,airport/HGH
HGR,26.652907413367664,airport/HGR
HGU,12.312637362637362,airport/HGU
HHH,54.81957408003433,airport/HHH
HIA,9.93849643676462,airport/HIA
HIB,24.875129635589886,airport/HIB
HID,12.312637362637362,airport/HID
HIJ,152.42088220586126,airport/HIJ
HIN,42.416510621161784,airport/HIN
HIR,12.497931480284421,airport/HIR
HJJ,9.93849643676462,airport/HJJ
HJR,14.481332755549134,airport/HJR
HKD,149.42088220586126,airport/HKD
HKG,787.9384964367647,airport/HKG
HKK,45.63186813186814,airport/HKK
HKN,12.312637362637362,airport/HKN
HKT,353.851544136034,airport/HKT
HLA,102.23985926354348,airport/HLA
HLD,9.93849643676462,airport/HLD
HLH,9.93849643676462,airport/HLH
HLN,36.45290741336767,airport/HLN
HLZ,45.63186813186814,airport/HLZ
HMA,2.23943661971831,airport/HMA
HMB,22.702267573696147,airport/HMB
HME,7.448299319727891,airport/HME
HMI,9.93849643676462,airport/HMI
HMO,56.21059972105997,airport/HMO
HMV,156.9317974385575,airport/HMV
HNA,146.42088220586126,airport/HNA
HND,722.9208822058613,airport/HND
HNH,14.891503904595735,airport/HNH
HNL,2366.6226043830648,airport/HNL
HNM,444.62260438306464,airport/HNM
HNS,14.891503904595735,airport/HNS
HOB,32.506082016542265,airport/HOB
HOD,2.2857142857142856,airport/HOD
HOF,3.782608695652174,airport/HOF
HOG,284.11209563994373,airport/HOG
HOM,14.891503904595735,airport/HOM
HON,12.819574080034332,airport/HON
HOR,187.09162122447054,airport/HOR
HOT,19.486240746701,airport/HOT
HOU,548.9505264609867,airport/HOU
HOV,150.5032260099861,airport/HOV
HPB,14.891503904595735,airport/HPB
HPH,52.37654413603401,airport/HPH
HPN,206.136240746701,airport/HPN
HRB,15.93849643676462,airport/HRB
HRE,18.959157509157507,airport/HRE
HRG,17.080952380952382,airport/HRG
HRK,158.3781527853384,airport/HRK
HRL,54.950526460986715,airport/HRL
HRO,14.486240746700998,airport/HRO
HSG,146.42088220586126,airport/HSG
HSN,9.93849643676462,airport/HSN
HSV,59.486240746701,airport/HSV
HTA,2.23943661971831,airport/HTA
HTI,26.45787545787546,airport/HTI
HTN,9.93849643676462,airport/HTN
HTS,19.55766931812957,airport/HTS
HTY,153.18685931970865,airport/HTY
HUH,22.947252747252747,airport/HUH
HUI,54.37654413603401,airport/HUI
HUN,39.43317728782845,airport/HUN
HUX,90.87726638772664,airport/HUX
HUY,169.49572854291415,airport/HUY
HVB,23.45787545787546,airport/HVB
HVD,9.083177287828452,airport/HVD
HVG,150.5032260099861,airport/HVG
HVN,48.986240746701,airport/HVN
HVR,22.452907413367665,airport/HVR
HYA,17.414812175272427,airport/HYA
HYD,245.48133275554915,airport/HYD
HYN,9.93849643676462,airport/HYN
HYS,14.611240746700998,airport/HYS
IAD,629.6529074133676,airport/IAD
IAG,209.136240746701,airport/IAG
IAH,559.9505264609867,airport/IAH
IAN,14.891503904595735,airport/IAN
IAS,148.04268824987386,airport/IAS
IBA,7.936164736164736,airport/IBA
IBE,39.652404526166904,airport/IBE
IBZ,223.37810980364205,airport/IBZ
ICN,448.41651062116176,airport/ICN
ICT,89.611240746701,airport/ICT
IDA,39.819574080034336,airport/IDA
IDR,19.481332755549133,airport/IDR
IEV,180.3781527853384,airport/IEV
IFN,9.0,airport/IFN
IFO,154.3781527853384,airport/IFO
IFP,41.16805892851918,airport/IFP
IGA,238.37737341772151,airport/IGA
IGM,36.16805892851918,airport/IGM
IGR,41.72865935242173,airport/IGR
IGU,34.68237168544441,airport/IGU
IKA,42.0,airport/IKA
IKI,146.42088220586126,airport/IKI
IKT,2.23943661971831,airport/IKT
ILD,175.37810980364205,airport/ILD
ILG,16.986240746701,airport/ILG
ILM,98.09735185781211,airport/ILM
ILO,56.97654413603401,airport/ILO
ILY,188.41001425719986,airport/ILY
IMF,14.481332755549134,airport/IMF
IMP,30.01570501877774,airport/IMP
IMT,14.430685191145443,airport/IMT
INC,9.93849643676462,airport/INC
IND,277.23624074670096,airport/IND
INH,12.992490842490843,airport/INH
INL,22.875129635589886,airport/INL
INN,180.82091372809933,airport/INN
INV,203.41001425719983,airport/INV
IOA,178.40749424034357,airport/IOA
IOM,176.49572854291412,airport/IOM
IOS,29.01570501877774,airport/IOS
IPC,42.74725274725275,airport/IPC
IPH,32.873095860171944,airport/IPH
IPL,74.57244764325272,airport/IPL
IPT,19.652907413367668,airport/IPT
IQQ,52.18811881188119,airport/IQQ
IQT,63.31311881188119,airport/IQT
IRJ,30.72865935242173,airport/IRJ
IRK,13.208462968923222,airport/IRK
ISA,22.45787545787546,airport/ISA
ISB,63.620618469834845,airport/ISB
ISE,151.18685931970865,airport/ISE
ISG,147.42088220586126,airport/ISG
ISN,17.986240746701,airport/ISN
ISP,180.136240746701,airport/ISP
IST,336.1868593197087,airport/IST
ISU,3.0,airport/ISU
ITH,184.136240746701,airport/ITH
ITM,186.7542155391946,airport/ITM
ITO,518.6226043830646,airport/ITO
IUE,12.747252747252748,airport/IUE
IVC,45.63186813186814,airport/IVC
IVL,152.63620473339034,airport/IVL
IWD,16.361240746701,airport/IWD
IWJ,146.42088220586126,airport/IWJ
IXA,14.481332755549134,airport/IXA
IXB,15.481332755549134,airport/IXB
IXC,26.48133275554914,airport/IXC
IXD,14.481332755549134,airport/IXD
IXE,20.481332755549133,airport/IXE
IXJ,14.481332755549134,airport/IXJ
IXL,15.481332755549134,airport/IXL
IXM,17.481332755549133,airport/IXM
IXR,16.481332755549133,airport/IXR
IXS,15.481332755549134,airport/IXS
IXU,14.481332755549134,airport/IXU
IXZ,19.481332755549133,airport/IXZ
IYK,74.57244764325272,airport/IYK
IZO,146.42088220586126,airport/IZO
JAC,160.486240746701,airport/JAC
JAI,21.481332755549133,airport/JAI
JAL,54.377266387726635,airport/JAL
JAN,55.700526460986715,airport/JAN
JAV,156.88620473339034,airport/JAV
JAX,430.7757144309115,airport/JAX
JBR,14.486240746700998,airport/JBR
JDH,15.481332755549134,airport/JDH
JDO,29.01570501877774,airport/JDO
JDZ,9.93849643676462,airport/JDZ
JED,58.78260869565217,airport/JED
JEG,153.88620473339034,airport/JEG
JER,145.88620473339034,airport/JER
JFK,2339.8029074133674,airport/JFK
JGA,14.481332755549134,airport/JGA
JGN,9.93849643676462,airport/JGN
JGS,9.93849643676462,airport/JGS
JHB,32.873095860171944,airport/JHB
JHG,9.93849643676462,airport/JHG
JHM,508.62260438306464,airport/JHM
JHS,153.88620473339034,airport/JHS
JHW,163.136240746701,airport/JHW
JIB,5.840952380952381,airport/JIB
JIK,180.40749424034357,airport/JIK
JIM,7.174285714285714,airport/JIM
JIU,9.93849643676462,airport/JIU
JJN,11.93849643676462,airport/JJN
JKG,151.31477616196176,airport/JKG
JKH,180.40749424034357,airport/JKH
JLN,23.20846296892322,airport/JLN
JLR,14.481332755549134,airport/JLR
JMK,231.40749424034357,airport/JMK
JMS,12.986240746700998,airport/JMS
JMU,9.93849643676462,airport/JMU
JNB,132.23985926354348,airport/JNB
JNG,9.93849643676462,airport/JNG
JNU,49.89150390459574,airport/JNU
JNX,180.40749424034357,airport/JNX
JNZ,9.93849643676462,airport/JNZ
JOE,148.63620473339034,airport/JOE
JOG,37.065433024922896,airport/JOG
JOI,33.01570501877774,airport/JOI
JOK,2.23943661971831,airport/JOK
JOS,7.936164736164736,airport/JOS
JPA,37.01570501877774,airport/JPA
JRH,14.481332755549134,airport/JRH
JRO,28.674285714285716,airport/JRO
JSI,180.40749424034357,airport/JSI
JST,15.652907413367664,airport/JST
JSU,153.88620473339034,airport/JSU
JSY,180.40749424034357,airport/JSY
JTC,29.01570501877774,airport/JTC
JTR,345.40749424034357,airport/JTR
JTY,180.40749424034357,airport/JTY
JUB,6.7476190476190485,airport/JUB
JUJ,35.72865935242173,airport/JUJ
JUL,54.31311881188119,airport/JUL
JUZ,9.93849643676462,airport/JUZ
JYV,148.63620473339034,airport/JYV
JZH,9.93849643676462,airport/JZH
KAD,7.936164736164736,airport/KAD
KAJ,148.63620473339034,airport/KAJ
KAL,14.891503904595735,airport/KAL
KAN,8.936164736164736,airport/KAN
KAO,148.63620473339034,airport/KAO
KAT,45.63186813186814,airport/KAT
KBL,15.208802200550137,airport/KBL
KBP,184.3781527853384,airport/KBP
KBR,35.873095860171944,airport/KBR
KBV,156.85154413603402,airport/KBV
KCA,9.93849643676462,airport/KCA
KCH,37.873095860171944,airport/KCH
KCM,151.18685931970865,airport/KCM
KCZ,146.42088220586126,airport/KCZ
KDI,35.065433024922896,airport/KDI
KDU,8.620618469834849,airport/KDU
KDV,45.66936005171299,airport/KDV
KEF,2256.8862047333905,airport/KEF
KEJ,2.23943661971831,airport/KEJ
KEM,148.63620473339034,airport/KEM
KGC,22.45787545787546,airport/KGC
KGD,3.23943661971831,airport/KGD
KGF,9.390620382368319,airport/KGF
KGI,23.45787545787546,airport/KGI
KGL,21.840952380952384,airport/KGL
KGS,181.40749424034357,airport/KGS
KGX,14.891503904595735,airport/KGX
KHG,10.93849643676462,airport/KHG
KHH,50.43317728782845,airport/KHH
KHI,97.62061846983485,airport/KHI
KHN,11.93849643676462,airport/KHN
KHS,7.0,airport/KHS
KHV,2.23943661971831,airport/KHV
KID,151.31477616196176,airport/KID
KIH,5.0,airport/KIH
KIJ,146.42088220586126,airport/KIJ
KIM,23.239859263543472,airport/KIM
KIN,500.7232067510549,airport/KIN
KIR,319.57668092386655,airport/KIR
KIS,15.640952380952383,airport/KIS
KIT,178.40749424034357,airport/KIT
KIV,166.46906187624748,airport/KIV
KIX,220.7542155391946,airport/KIX
KJA,2.23943661971831,airport/KJA
KKA,14.891503904595735,airport/KKA
KKC,141.85154413603402,airport/KKC
KKE,45.63186813186814,airport/KKE
KKH,14.891503904595735,airport/KKH
KKJ,146.42088220586126,airport/KKJ
KKN,151.5032260099861,airport/KKN
KLG,14.891503904595735,airport/KLG
KLO,50.97654413603401,airport/KLO
KLR,151.31477616196176,airport/KLR
KLU,167.82091372809933,airport/KLU
KLV,155.32091372809933,airport/KLV
KLX,179.40749424034357,airport/KLX
KME,8.840952380952382,airport/KME
KMG,13.93849643676462,airport/KMG
KMI,147.42088220586126,airport/KMI
KMJ,148.42088220586126,airport/KMJ
KMQ,147.42088220586126,airport/KMQ
KNH,9.93849643676462,airport/KNH
KNO,41.065433024922896,airport/KNO
KNS,22.45787545787546,airport/KNS
KNU,14.481332755549134,airport/KNU
KNX,22.45787545787546,airport/KNX
KOA,729.6226043830645,airport/KOA
KOE,35.065433024922896,airport/KOE
KOI,188.41001425719986,airport/KOI
KOJ,147.42088220586126,airport/KOJ
KOK,148.63620473339034,airport/KOK
KOT,14.891503904595735,airport/KOT
KOW,9.93849643676462,airport/KOW
KPN,14.891503904595735,airport/KPN
KPO,41.416510621161784,airport/KPO
KRK,202.52091372809934,airport/KRK
KRL,9.93849643676462,airport/KRL
KRN,155.31477616196176,airport/KRN
KRO,2.23943661971831,airport/KRO
KRP,164.552871400057,airport/KRP
KRR,6.23943661971831,airport/KRR
KRS,152.5032260099861,airport/KRS
KRT,16.580952380952382,airport/KRT
KSA,12.462637362637363,airport/KSA
KSC,152.82091372809933,airport/KSC
KSD,151.31477616196176,airport/KSD
KSH,5.0,airport/KSH
KSJ,180.40749424034357,airport/KSJ
KSM,14.891503904595735,airport/KSM
KSN,7.3906203823683185,airport/KSN
KSQ,7.54213553388347,airport/KSQ
KSU,150.5032260099861,airport/KSU
KSY,151.18685931970865,airport/KSY
KTA,22.45787545787546,airport/KTA
KTE,32.873095860171944,airport/KTE
KTM,167.99561846983485,airport/KTM
KTN,22.891503904595737,airport/KTN
KTT,149.63620473339034,airport/KTT
KTW,158.52091372809934,airport/KTW
KUA,32.873095860171944,airport/KUA
KUD,33.873095860171944,airport/KUD
KUF,4.23943661971831,airport/KUF
KUH,147.42088220586126,airport/KUH
KUL,138.37309586017193,airport/KUL
KUN,151.21953806672366,airport/KUN
KUO,149.63620473339034,airport/KUO
KUT,27.631229235880397,airport/KUT
KUU,14.481332755549134,airport/KUU
KUV,41.416510621161784,airport/KUV
KVA,178.40749424034357,airport/KVA
KVD,8.964562569213731,airport/KVD
KVG,12.312637362637362,airport/KVG
KVL,14.891503904595735,airport/KVL
KVX,2.23943661971831,airport/KVX
KWA,12.462637362637363,airport/KWA
KWE,10.93849643676462,airport/KWE
KWI,25.0,airport/KWI
KWJ,42.416510621161784,airport/KWJ
KWL,12.93849643676462,airport/KWL
KWN,14.891503904595735,airport/KWN
KWT,14.891503904595735,airport/KWT
KYA,152.18685931970865,airport/KYA
KYU,14.891503904595735,airport/KYU
KZN,3.23943661971831,airport/KZN
KZO,7.3906203823683185,airport/KZO
KZS,180.40749424034357,airport/KZS
LAD,9.914285714285715,airport/LAD
LAE,12.312637362637362,airport/LAE
LAI,265.62764076049007,airport/LAI
LAM,20.541796302256554,airport/LAM
LAN,42.361240746701,airport/LAN
LAO,52.97654413603401,airport/LAO
LAP,70.87726638772664,airport/LAP
LAR,23.486240746701,airport/LAR
LAS,3357.986240746701,airport/LAS
LAW,36.986240746701,airport/LAW
LAX,5072.572447643252,airport/LAX
LBA,185.49572854291412,airport/LBA
LBB,58.950526460986715,airport/LBB
LBD,7.54213553388347,airport/LBD
LBE,40.652907413367664,airport/LBE
LBF,12.20846296892322,airport/LBF
LBJ,36.065433024922896,airport/LBJ
LBL,13.611240746700998,airport/LBL
LBS,46.66936005171299,airport/LBS
LBU,35.873095860171944,airport/LBU
LBV,8.747619047619049,airport/LBV
LCA,169.46463709748642,airport/LCA
LCE,64.45476190476191,airport/LCE
LCG,179.37810980364205,airport/LCG
LCH,23.55766931812957,airport/LCH
LCJ,155.52091372809934,airport/LCJ
LCY,591.9957285429141,airport/LCY
LDB,34.01570501877774,airport/LDB
LDE,265.62764076049007,airport/LDE
LDH,22.45787545787546,airport/LDH
LDU,32.873095860171944,airport/LDU
LEA,22.45787545787546,airport/LEA
LEB,23.486240746701,airport/LEB
LED,49.23943661971831,airport/LED
LEH,265.62764076049007,airport/LEH
LEI,177.37810980364205,airport/LEI
LEJ,178.80091372809935,airport/LEJ
LEN,176.37810980364205,airport/LEN
LET,65.14070501877774,airport/LET
LEX,79.736240746701,airport/LEX
LFR,21.53811881188119,airport/LFR
LFT,39.55766931812957,airport/LFT
LFW,14.864736164736167,airport/LFW
LGA,1837.8029074133676,airport/LGA
LGB,329.5724476432527,airport/LGB
LGG,162.81668092386653,airport/LGG
LGI,238.37737341772151,airport/LGI
LGK,48.873095860171944,airport/LGK
LGP,43.97654413603401,airport/LGP
LGQ,30.33097595473833,airport/LGQ
LGW,657.9957285429141,airport/LGW
LHE,80.62061846983485,airport/LHE
LHR,1064.995728542914,airport/LHR
LHW,9.93849643676462,airport/LHW
LIG,265.62764076049007,airport/LIG
LIH,802.6226043830645,airport/LIH
LIL,265.62764076049007,airport/LIL
LIM,768.3131188118812,airport/LIM
LIN,299.2771370974864,airport/LIN
LIR,306.35476190476186,airport/LIR
LIS,595.8693990022483,airport/LIS
LIT,81.486240746701,airport/LIT
LJG,9.93849643676462,airport/LJG
LJU,182.32091372809933,airport/LJU
LKL,150.5032260099861,airport/LKL
LKN,150.5032260099861,airport/LKN
LKO,22.481332755549133,airport/LKO
LLA,153.31477616196176,airport/LLA
LLI,7.174285714285714,airport/LLI
LLW,18.292490842490842,airport/LLW
LMM,60.21059972105997,airport/LMM
LMN,32.873095860171944,airport/LMN
LMP,204.02713709748642,airport/LMP
LMT,46.12909788955814,airport/LMT
LNJ,9.93849643676462,airport/LNJ
LNK,41.20846296892322,airport/LNK
LNS,15.652907413367664,airport/LNS
LNV,12.312637362637362,airport/LNV
LNY,418.62260438306464,airport/LNY
LNZ,163.82091372809933,airport/LNZ
LOH,30.33097595473833,airport/LOH
LOP,38.065433024922896,airport/LOP
LOS,99.93616473616474,airport/LOS
LPA,217.12810980364205,airport/LPA
LPB,78.47383309759547,airport/LPB
LPI,151.31477616196176,airport/LPI
LPL,181.49572854291412,airport/LPL
LPP,148.63620473339034,airport/LPP
LPQ,36.54797270746258,airport/LPQ
LPS,34.52470228516254,airport/LPS
LPT,141.85154413603402,airport/LPT
LPY,265.62764076049007,airport/LPY
LRD,26.950526460986715,airport/LRD
LRE,22.45787545787546,airport/LRE
LRH,266.62764076049007,airport/LRH
LRM,286.88987341772156,airport/LRM
LRS,180.40749424034357,airport/LRS
LRT,266.62764076049007,airport/LRT
LSC,45.18811881188119,airport/LSC
LSE,22.430685191145443,airport/LSE
LSI,189.41001425719986,airport/LSI
LSP,239.7279922296027,airport/LSP
LST,29.45787545787546,airport/LST
LSY,22.45787545787546,airport/LSY
LTN,592.9957285429141,airport/LTN
LTO,68.87726638772664,airport/LTO
LTX,30.33097595473833,airport/LTX
LUD,14.125824175824176,airport/LUD
LUG,246.11853277571836,airport/LUG
LUH,15.481332755549134,airport/LUH
LUK,110.62909788955814,airport/LUK
LUM,9.93849643676462,airport/LUM
LUN,26.149633699633704,airport/LUN
LUO,5.9142857142857155,airport/LUO
LUP,409.62260438306464,airport/LUP
LUQ,30.72865935242173,airport/LUQ
LUX,163.01668092386652,airport/LUX
LVI,13.1496336996337,airport/LVI
LWB,13.55766931812957,airport/LWB
LWO,170.3781527853384,airport/LWO
LWS,22.819574080034332,airport/LWS
LWT,22.452907413367665,airport/LWT
LWY,32.873095860171944,airport/LWY
LXA,18.93849643676462,airport/LXA
LXG,33.54797270746258,airport/LXG
LXR,23.702267573696147,airport/LXR
LXS,185.40749424034357,airport/LXS
LYA,9.93849643676462,airport/LYA
LYB,232.8898734177215,airport/LYB
LYC,151.31477616196176,airport/LYC
LYG,9.93849643676462,airport/LYG
LYH,34.986240746701,airport/LYH
LYI,9.93849643676462,airport/LYI
LYP,9.620618469834849,airport/LYP
LYR,154.5032260099861,airport/LYR
LYS,301.12764076049007,airport/LYS
LZC,51.21059972105997,airport/LZC
LZH,9.93849643676462,airport/LZH
LZO,9.93849643676462,airport/LZO
MAA,162.48133275554915,airport/MAA
MAB,29.01570501877774,airport/MAB
MAD,1268.378109803642,airport/MAD
MAF,40.950526460986715,airport/MAF
MAG,12.312637362637362,airport/MAG
MAH,183.37810980364205,airport/MAH
MAJ,14.462637362637363,airport/MAJ
MAM,51.877266387726635,airport/MAM
MAN,349.49572854291415,airport/MAN
MAO,36.01570501877774,airport/MAO
MAR,31.53811881188119,airport/MAR
MAS,12.312637362637362,airport/MAS
MAU,33.94725274725275,airport/MAU
MAZ,252.34820675105485,airport/MAZ
MBA,21.640952380952385,airport/MBA
MBE,146.42088220586126,airport/MBE
MBJ,647.7232067510548,airport/MBJ
MBL,13.361240746700998,airport/MBL
MBS,22.361240746701,airport/MBS
MBT,43.97654413603401,airport/MBT
MCE,76.57244764325272,airport/MCE
MCG,14.891503904595735,airport/MCG
MCI,310.2084629689232,airport/MCI
MCK,12.20846296892322,airport/MCK
MCN,15.986240746700998,airport/MCN
MCO,2363.775714430911,airport/MCO
MCP,30.01570501877774,airport/MCP
MCT,28.0,airport/MCT
MCV,22.45787545787546,airport/MCV
MCW,16.236240746701,airport/MCW
MCX,2.23943661971831,airport/MCX
MCY,24.45787545787546,airport/MCY
MCZ,37.01570501877774,airport/MCZ
MDC,38.065433024922896,airport/MDC
MDE,221.65240452616692,airport/MDE
MDG,9.93849643676462,airport/MDG
MDL,46.30987746936734,airport/MDL
MDQ,33.72865935242173,airport/MDQ
MDT,62.652907413367664,airport/MDT
MDU,12.312637362637362,airport/MDU
MDW,871.1680589285191,airport/MDW
MDZ,57.72865935242173,airport/MDZ
MEC,37.330975954738335,airport/MEC
MED,10.782608695652174,airport/MED
MEH,150.5032260099861,airport/MEH
MEI,15.700526460986712,airport/MEI
MEL,246.95787545787547,airport/MEL
MEM,210.486240746701,airport/MEM
MES,39.065433024922896,airport/MES
MEX,484.3772663877266,airport/MEX
MFE,49.950526460986715,airport/MFE
MFM,29.938496436764623,airport/MFM
MFR,93.12909788955814,airport/MFR
MFU,13.1496336996337,airport/MFU
MGA,351.65476190476187,airport/MGA
MGB,22.45787545787546,airport/MGB
MGF,30.01570501877774,airport/MGF
MGM,30.486240746701,airport/MGM
MGQ,8.840952380952382,airport/MGQ
MGW,18.55766931812957,airport/MGW
MHD,7.0,airport/MHD
MHG,175.80091372809932,airport/MHG
MHH,242.37737341772151,airport/MHH
MHK,17.611240746701,airport/MHK
MHQ,148.63620473339034,airport/MHQ
MHT,105.486240746701,airport/MHT
MIA,3363.775714430911,airport/MIA
MID,125.87726638772664,airport/MID
MIG,9.93849643676462,airport/MIG
MIM,35.45787545787546,airport/MIM
MIR,9.091156462585035,airport/MIR
MJD,8.620618469834849,airport/MJD
MJF,150.5032260099861,airport/MJF
MJN,12.588320802005015,airport/MJN
MJT,182.40749424034357,airport/MJT
MJV,176.37810980364205,airport/MJV
MKE,241.43068519114544,airport/MKE
MKG,16.361240746701,airport/MKG
MKK,415.62260438306464,airport/MKK
MKL,30.486240746701,airport/MKL
MKM,32.873095860171944,airport/MKM
MKW,36.065433024922896,airport/MKW
MKY,22.45787545787546,airport/MKY
MLA,209.46463709748642,airport/MLA
MLB,144.77571443091153,airport/MLB
MLE,311.78393927183987,airport/MLE
MLG,35.065433024922896,airport/MLG
MLI,37.16805892851918,airport/MLI
MLM,80.21059972105996,airport/MLM
MLN,211.6835519805128,airport/MLN
MLO,180.40749424034357,airport/MLO
MLS,28.45290741336767,airport/MLS
MLU,31.55766931812957,airport/MLU
MLW,9.864736164736167,airport/MLW
MLX,151.18685931970865,airport/MLX
MMB,146.42088220586126,airport/MMB
MME,169.49572854291415,airport/MME
MMH,93.57244764325273,airport/MMH
MMJ,147.42088220586126,airport/MMJ
MMK,2.23943661971831,airport/MMK
MMU,190.136240746701,airport/MMU
MMX,154.31477616196176,airport/MMX
MMY,158.08754887252792,airport/MMY
MNG,22.45787545787546,airport/MNG
MNL,1154.9765441360341,airport/MNL
MOB,77.486240746701,airport/MOB
MOC,29.01570501877774,airport/MOC
MOD,76.57244764325272,airport/MOD
MOL,150.5032260099861,airport/MOL
MOQ,12.588320802005015,airport/MOQ
MOT,27.986240746701,airport/MOT
MOU,14.891503904595735,airport/MOU
MOV,22.45787545787546,airport/MOV
MOZ,26.947252747252747,airport/MOZ
MPA,13.1496336996337,airport/MPA
MPH,51.97654413603401,airport/MPH
MPL,279.62764076049007,airport/MPL
MPM,25.992490842490845,airport/MPM
MPN,20.18811881188119,airport/MPN
MQF,2.23943661971831,airport/MQF
MQL,22.45787545787546,airport/MQL
MQM,151.18685931970865,airport/MQM
MQN,150.5032260099861,airport/MQN
MQP,24.239859263543472,airport/MQP
MQT,20.361240746701,airport/MQT
MQX,7.174285714285714,airport/MQX
MRA,6.591156462585035,airport/MRA
MRD,21.53811881188119,airport/MRD
MRO,45.63186813186814,airport/MRO
MRS,306.62764076049007,airport/MRS
MRU,53.78832080200501,airport/MRU
MRV,3.23943661971831,airport/MRV
MRY,103.57244764325273,airport/MRY
MRZ,22.45787545787546,airport/MRZ
MSE,170.49572854291415,airport/MSE
MSJ,149.42088220586126,airport/MSJ
MSL,16.486240746701,airport/MSL
MSN,95.43068519114544,airport/MSN
MSO,73.45290741336767,airport/MSO
MSP,570.8751296355899,airport/MSP
MSQ,170.46906187624748,airport/MSQ
MSR,151.18685931970865,airport/MSR
MSS,163.136240746701,airport/MSS
MST,193.01668092386652,airport/MST
MSU,27.239859263543472,airport/MSU
MSY,1659.5576693181297,airport/MSY
MTJ,84.986240746701,airport/MTJ
MTR,42.652404526166904,airport/MTR
MTS,12.292490842490842,airport/MTS
MTT,54.377266387726635,airport/MTT
MTY,151.87726638772662,airport/MTY
MUA,12.497931480284421,airport/MUA
MUB,15.292490842490844,airport/MUB
MUC,513.8009137280993,airport/MUC
MUE,415.62260438306464,airport/MUE
MUN,21.53811881188119,airport/MUN
MUR,32.873095860171944,airport/MUR
MUX,11.620618469834849,airport/MUX
MVD,120.1881188118812,airport/MVD
MVR,6.364736164736165,airport/MVR
MVY,32.41481217527243,airport/MVY
MWA,15.16805892851918,airport/MWA
MWX,41.416510621161784,airport/MWX
MWZ,14.674285714285714,airport/MWZ
MXL,56.877266387726635,airport/MXL
MXP,327.2771370974864,airport/MXP
MXV,9.083177287828452,airport/MXV
MXX,151.31477616196176,airport/MXX
MXZ,9.93849643676462,airport/MXZ
MYA,30.45787545787546,airport/MYA
MYD,15.640952380952383,airport/MYD
MYE,146.42088220586126,airport/MYE
MYG,238.37737341772151,airport/MYG
MYJ,146.42088220586126,airport/MYJ
MYR,209.81957408003433,airport/MYR
MYU,14.891503904595735,airport/MYU
MYW,13.674285714285714,airport/MYW
MYY,32.873095860171944,airport/MYY
MZG,38.43317728782845,airport/MZG
MZH,151.18685931970865,airport/MZH
MZL,38.652404526166904,airport/MZL
MZO,274.11209563994373,airport/MZO
MZR,8.208802200550137,airport/MZR
MZT,107.21059972105996,airport/MZT
MZV,32.873095860171944,airport/MZV
NAA,22.45787545787546,airport/NAA
NAG,18.481332755549133,airport/NAG
NAJ,8.964562569213731,airport/NAJ
NAL,2.23943661971831,airport/NAL
NAN,87.66936005171299,airport/NAN
NAO,9.93849643676462,airport/NAO
NAP,336.0271370974864,airport/NAP
NAS,377.3773734177215,airport/NAS
NAT,43.01570501877774,airport/NAT
NAV,151.18685931970865,airport/NAV
NAY,14.93849643676462,airport/NAY
NBC,2.23943661971831,airport/NBC
NBE,8.091156462585035,airport/NBE
NBO,122.64095238095238,airport/NBO
NCE,347.62764076049007,airport/NCE
NCL,188.49572854291412,airport/NCL
NCU,7.54213553388347,airport/NCU
NCY,265.62764076049007,airport/NCY
NDG,9.93849643676462,airport/NDG
NDJ,6.0809523809523816,airport/NDJ
NDR,36.30544217687074,airport/NDR
NEV,224.29728082512892,airport/NEV
NGB,11.93849643676462,airport/NGB
NGO,176.42088220586126,airport/NGO
NGS,148.42088220586126,airport/NGS
NHV,24.947252747252747,airport/NHV
NIM,7.0809523809523816,airport/NIM
NJC,2.23943661971831,airport/NJC
NJF,5.0,airport/NJF
NKC,5.0809523809523816,airport/NKC
NKG,13.93849643676462,airport/NKG
NLA,14.1496336996337,airport/NLA
NLD,50.877266387726635,airport/NLD
NLK,22.693169575522518,airport/NLK
NMA,7.54213553388347,airport/NMA
NNG,10.93849643676462,airport/NNG
NNM,2.23943661971831,airport/NNM
NNY,9.93849643676462,airport/NNY
NOC,325.57668092386655,airport/NOC
NOJ,2.23943661971831,airport/NOJ
NOS,14.588320802005015,airport/NOS
NOU,23.097931480284423,airport/NOU
NOV,5.9142857142857155,airport/NOV
NOZ,2.23943661971831,airport/NOZ
NPE,49.63186813186814,airport/NPE
NPL,45.63186813186814,airport/NPL
NQN,32.72865935242173,airport/NQN
NQY,174.49572854291412,airport/NQY
NRA,22.45787545787546,airport/NRA
NRK,151.31477616196176,airport/NRK
NRN,205.80091372809935,airport/NRN
NRR,249.34820675105485,airport/NRR
NRT,783.9208822058613,airport/NRT
NSI,8.364736164736165,airport/NSI
NSK,2.23943661971831,airport/NSK
NSN,48.63186813186814,airport/NSN
NTE,273.62764076049007,airport/NTE
NTG,9.93849643676462,airport/NTG
NTL,25.45787545787546,airport/NTL
NTQ,146.42088220586126,airport/NTQ
NUE,195.80091372809935,airport/NUE
NUI,14.891503904595735,airport/NUI
NUP,14.891503904595735,airport/NUP
NUX,2.23943661971831,airport/NUX
NVA,41.652404526166904,airport/NVA
NVI,7.54213553388347,airport/NVI
NVK,151.5032260099861,airport/NVK
NVT,36.01570501877774,airport/NVT
NWI,173.49572854291412,airport/NWI
NYM,2.23943661971831,airport/NYM
NYO,197.56477616196176,airport/NYO
NYT,41.30987746936734,airport/NYT
OAG,22.45787545787546,airport/OAG
OAJ,62.097351857812114,airport/OAJ
OAK,513.5724476432526,airport/OAK
OAX,81.87726638772664,airport/OAX
OBO,147.42088220586126,airport/OBO
OBU,14.891503904595735,airport/OBU
OCC,30.33097595473833,airport/OCC
ODS,165.3781527853384,airport/ODS
ODY,33.54797270746258,airport/ODY
OER,151.31477616196176,airport/OER
OGG,1311.6226043830648,airport/OGG
OGL,23.68811881188119,airport/OGL
OGS,166.136240746701,airport/OGS
OGZ,2.23943661971831,airport/OGZ
OHD,148.31191901910464,airport/OHD
OHE,9.93849643676462,airport/OHE
OIM,146.42088220586126,airport/OIM
OIT,146.42088220586126,airport/OIT
OKA,204.08754887252792,airport/OKA
OKC,157.986240746701,airport/OKC
OKJ,146.42088220586126,airport/OKJ
OLB,202.02713709748642,airport/OLB
OLF,22.452907413367665,airport/OLF
OLP,23.45787545787546,airport/OLP
OMA,161.20846296892321,airport/OMA
OMD,14.125824175824176,airport/OMD
OME,14.891503904595735,airport/OME
OMO,152.80749424034357,airport/OMO
OMR,147.04268824987386,airport/OMR
OMS,2.23943661971831,airport/OMS
OND,14.125824175824176,airport/OND
ONJ,146.42088220586126,airport/ONJ
ONT,284.5724476432527,airport/ONT
OOK,14.891503904595735,airport/OOK
OOL,59.45787545787546,airport/OOL
OPO,263.8693990022483,airport/OPO
ORB,151.31477616196176,airport/ORB
ORD,1252.1680589285193,airport/ORD
ORF,188.986240746701,airport/ORF
ORH,25.414812175272427,airport/ORH
ORK,340.57668092386655,airport/ORK
ORN,9.44829931972789,airport/ORN
ORV,14.891503904595735,airport/ORV
ORY,849.9609740938233,airport/ORY
OSD,152.31477616196176,airport/OSD
OSI,184.55749424034357,airport/OSI
OSL,257.50322600998607,airport/OSL
OSR,155.32091372809933,airport/OSR
OSS,7.54213553388347,airport/OSS
OST,163.81668092386653,airport/OST
OSW,2.23943661971831,airport/OSW
OSY,150.5032260099861,airport/OSY
OTH,55.12909788955814,airport/OTH
OTP,208.04268824987386,airport/OTP
OTZ,15.891503904595735,airport/OTZ
OUA,7.864736164736165,airport/OUA
OUD,36.30544217687074,airport/OUD
OUL,154.63620473339034,airport/OUL
OVB,2.23943661971831,airport/OVB
OVD,181.37810980364205,airport/OVD
OWB,19.736240746701,airport/OWB
OXB,6.864736164736165,airport/OXB
OXF,175.49572854291412,airport/OXF
OZC,44.97654413603401,airport/OZC
OZZ,37.30544217687074,airport/OZZ
PAD,175.80091372809932,airport/PAD
PAH,19.736240746701,airport/PAH
PAP,303.2232067510549,airport/PAP
PAS,180.40749424034357,airport/PAS
PAT,17.481332755549133,airport/PAT
PAZ,54.377266387726635,airport/PAZ
PBC,65.87726638772664,airport/PBC
PBD,14.481332755549134,airport/PBD
PBG,167.136240746701,airport/PBG
PBI,546.7757144309114,airport/PBI
PBM,28.18811881188119,airport/PBM
PBO,22.45787545787546,airport/PBO
PCL,55.31311881188119,airport/PCL
PDG,35.065433024922896,airport/PDG
PDL,207.09162122447054,airport/PDL
PDP,42.18811881188119,airport/PDP
PDS,50.877266387726635,airport/PDS
PDT,45.12909788955814,airport/PDT
PDV,150.31191901910464,airport/PDV
PDX,1740.1290978895581,airport/PDX
PED,155.32091372809933,airport/PED
PEE,2.23943661971831,airport/PEE
PEI,73.65240452616689,airport/PEI
PEK,211.93849643676464,airport/PEK
PEM,51.31311881188119,airport/PEM
PEN,44.873095860171944,airport/PEN
PER,130.45787545787547,airport/PER
PEW,11.620618469834849,airport/PEW
PFB,29.01570501877774,airport/PFB
PFO,171.46463709748642,airport/PFO
PGA,40.16805892851918,airport/PGA
PGF,268.62764076049007,airport/PGF
PGK,35.065433024922896,airport/PGK
PGV,40.097351857812114,airport/PGV
PGX,265.62764076049007,airport/PGX
PHC,10.936164736164736,airport/PHC
PHE,22.45787545787546,airport/PHE
PHF,53.986240746701,airport/PHF
PHL,528.1529074133676,airport/PHL
PHO,14.891503904595735,airport/PHO
PHW,23.239859263543472,airport/PHW
PHX,1057.6680589285193,airport/PHX
PIA,24.168058928519184,airport/PIA
PIB,15.700526460986712,airport/PIB
PIE,673.2757144309115,airport/PIE
PIH,20.819574080034332,airport/PIH
PIR,12.819574080034332,airport/PIR
PIS,267.62764076049007,airport/PIS
PIT,276.65290741336764,airport/PIT
PIU,66.3131188118812,airport/PIU
PIX,185.09162122447054,airport/PIX
PIZ,14.891503904595735,airport/PIZ
PJM,147.35476190476192,airport/PJM
PKB,15.55766931812957,airport/PKB
PKC,2.23943661971831,airport/PKC
PKU,35.065433024922896,airport/PKU
PKY,36.065433024922896,airport/PKY
PKZ,34.54797270746258,airport/PKZ
PLJ,91.1547619047619,airport/PLJ
PLM,36.065433024922896,airport/PLM
PLN,18.361240746701,airport/PLN
PLO,22.45787545787546,airport/PLO
PLQ,149.21953806672366,airport/PLQ
PLS,300.8565400843882,airport/PLS
PLU,45.51570501877774,airport/PLU
PLW,35.065433024922896,airport/PLW
PLZ,26.239859263543472,airport/PLZ
PMC,53.18811881188119,airport/PMC
PMF,287.2771370974864,airport/PMF
PMI,234.37810980364205,airport/PMI
PMO,237.02713709748642,airport/PMO
PMR,48.63186813186814,airport/PMR
PMV,243.7279922296027,airport/PMV
PMW,29.01570501877774,airport/PMW
PMY,31.72865935242173,airport/PMY
PMZ,145.35476190476192,airport/PMZ
PNA,182.37810980364205,airport/PNA
PND,85.1547619047619,airport/PND
PNH,157.47654413603402,airport/PNH
PNI,14.462637362637363,airport/PNI
PNK,36.065433024922896,airport/PNK
PNL,222.02713709748642,airport/PNL
PNP,12.312637362637362,airport/PNP
PNQ,30.48133275554914,airport/PNQ
PNR,6.7476190476190485,airport/PNR
PNS,292.77571443091153,airport/PNS
PNZ,29.01570501877774,airport/PNZ
POA,67.01570501877774,airport/POA
POL,13.992490842490843,airport/POL
POM,17.312637362637364,airport/POM
POP,342.88987341772156,airport/POP
POR,148.63620473339034,airport/POR
POS,311.9861697140178,airport/POS
POZ,162.52091372809934,airport/POZ
PPB,29.01570501877774,airport/PPB
PPE,51.21059972105997,airport/PPE
PPG,20.747252747252748,airport/PPG
PPN,37.652404526166904,airport/PPN
PPP,26.45787545787546,airport/PPP
PPQ,49.63186813186814,airport/PPQ
PPS,60.97654413603401,airport/PPS
PPT,127.94725274725275,airport/PPT
PQC,57.37654413603401,airport/PQC
PQI,35.152907413367664,airport/PQI
PQQ,23.45787545787546,airport/PQQ
PRA,30.72865935242173,airport/PRA
PRC,36.16805892851918,airport/PRC
PRG,470.3209137280993,airport/PRG
PRI,34.78832080200501,airport/PRI
PRN,165.81191901910464,airport/PRN
PSA,232.02713709748642,airport/PSA
PSC,67.52470228516253,airport/PSC
PSE,262.3482067510549,airport/PSE
PSG,15.891503904595735,airport/PSG
PSO,38.652404526166904,airport/PSO
PSP,366.5724476432527,airport/PSP
PSR,200.02713709748642,airport/PSR
PSS,31.72865935242173,airport/PSS
PTG,23.239859263543472,airport/PTG
PTP,236.29728082512892,airport/PTP
PTY,518.6547619047619,airport/PTY
PUB,65.986240746701,airport/PUB
PUF,267.62764076049007,airport/PUF
PUJ,638.8898734177216,airport/PUJ
PUQ,69.1881188118812,airport/PUQ
PUS,55.416510621161784,airport/PUS
PUU,36.652404526166904,airport/PUU
PUW,37.52470228516254,airport/PUW
PUY,191.55749424034357,airport/PUY
PVC,18.414812175272427,airport/PVC
PVD,153.486240746701,airport/PVD
PVG,184.43849643676464,airport/PVG
PVH,31.01570501877774,airport/PVH
PVK,179.40749424034357,airport/PVK
PVR,488.3772663877266,airport/PVR
PWM,214.15290741336764,airport/PWM
PWQ,7.3906203823683185,airport/PWQ
PXM,73.87726638772664,airport/PXM
PXO,192.86939900224831,airport/PXO
PXU,52.37654413603401,airport/PXU
PYH,38.0024045261669,airport/PYH
PZB,23.239859263543472,airport/PZB
PZI,9.93849643676462,airport/PZI
PZO,21.53811881188119,airport/PZO
PZU,5.5809523809523816,airport/PZU
QBC,13.770883409003234,airport/QBC
QOW,7.936164736164736,airport/QOW
QRO,87.87726638772664,airport/QRO
QRW,7.936164736164736,airport/QRW
QSF,7.448299319727891,airport/QSF
RAB,12.312637362637362,airport/RAB
RAE,2.782608695652174,airport/RAE
RAH,2.782608695652174,airport/RAH
RAJ,15.481332755549134,airport/RAJ
RAK,124.30544217687074,airport/RAK
RAO,31.01570501877774,airport/RAO
RAP,51.819574080034336,airport/RAP
RAR,36.24725274725275,airport/RAR
RBA,44.30544217687074,airport/RBA
RBQ,28.473833097595474,airport/RBQ
RBR,29.01570501877774,airport/RBR
RBY,14.891503904595735,airport/RBY
RCB,23.239859263543472,airport/RCB
RCH,35.18811881188119,airport/RCH
RDD,88.57244764325273,airport/RDD
RDM,78.12909788955814,airport/RDM
RDN,32.873095860171944,airport/RDN
RDU,455.09735185781204,airport/RDU
RDZ,265.62764076049007,airport/RDZ
REC,64.01570501877774,airport/REC
REG,202.02713709748642,airport/REG
REL,30.72865935242173,airport/REL
REN,2.23943661971831,airport/REN
REP,144.47654413603402,airport/REP
RES,31.72865935242173,airport/RES
RET,150.5032260099861,airport/RET
REU,177.37810980364205,airport/REU
REX,52.877266387726635,airport/REX
RFD,761.1680589285191,airport/RFD
RFP,22.947252747252747,airport/RFP
RGA,32.72865935242173,airport/RGA
RGI,12.747252747252748,airport/RGI
RGL,31.72865935242173,airport/RGL
RGN,73.30987746936734,airport/RGN
RGS,175.37810980364205,airport/RGS
RHI,18.430685191145443,airport/RHI
RHO,187.40749424034357,airport/RHO
RIC,192.986240746701,airport/RIC
RIW,19.486240746701,airport/RIW
RIX,176.88620473339034,airport/RIX
RIY,2.2857142857142856,airport/RIY
RJA,15.481332755549134,airport/RJA
RJK,185.55749424034357,airport/RJK
RJL,175.37810980364205,airport/RJL
RKD,37.152907413367664,airport/RKD
RKS,21.486240746701,airport/RKS
RLG,176.80091372809932,airport/RLG
RMA,22.45787545787546,airport/RMA
RMF,22.702267573696147,airport/RMF
RMI,200.02713709748642,airport/RMI
RMQ,39.43317728782845,airport/RMQ
RNB,151.31477616196176,airport/RNB
RNO,262.986240746701,airport/RNO
RNS,267.62764076049007,airport/RNS
ROA,48.986240746701,airport/ROA
ROB,9.864736164736167,airport/ROB
ROC,273.136240746701,airport/ROC
ROK,24.45787545787546,airport/ROK
ROP,12.462637362637363,airport/ROP
ROR,20.462637362637366,airport/ROR
ROS,39.72865935242173,airport/ROS
ROT,45.63186813186814,airport/ROT
ROV,2.23943661971831,airport/ROV
ROW,27.541796302256557,airport/ROW
RPR,14.481332755549134,airport/RPR
RRG,43.78832080200501,airport/RRG
RRS,150.5032260099861,airport/RRS
RSA,30.72865935242173,airport/RSA
RSD,240.37737341772151,airport/RSD
RST,40.875129635589886,airport/RST
RSU,41.416510621161784,airport/RSU
RSW,825.7757144309115,airport/RSW
RTA,45.66936005171299,airport/RTA
RTB,129.4547619047619,airport/RTB
RTM,201.01668092386652,airport/RTM
RUH,22.782608695652172,airport/RUH
RUN,16.788320802005014,airport/RUN
RUT,41.486240746701,airport/RUT
RVK,150.5032260099861,airport/RVK
RVN,152.63620473339034,airport/RVN
RXS,43.97654413603401,airport/RXS
RYG,210.5032260099861,airport/RYG
RYK,8.620618469834849,airport/RYK
RZE,158.52091372809934,airport/RZE
SAB,235.79728082512892,airport/SAB
SAF,93.54179630225656,airport/SAF
SAH,2.2857142857142856,airport/SAH
SAL,312.65476190476187,airport/SAL
SAN,1229.0724476432526,airport/SAN
SAP,137.4547619047619,airport/SAP
SAT,434.9505264609867,airport/SAT
SAV,276.98624074670096,airport/SAV
SAW,282.1868593197087,airport/SAW
SBA,136.57244764325273,airport/SBA
SBH,222.79728082512892,airport/SBH
SBN,50.236240746701,airport/SBN
SBP,101.57244764325273,airport/SBP
SBW,34.873095860171944,airport/SBW
SBY,29.652907413367664,airport/SBY
SBZ,149.04268824987386,airport/SBZ
SCC,14.891503904595735,airport/SCC
SCE,29.652907413367668,airport/SCE
SCL,490.18811881188117,airport/SCL
SCM,14.891503904595735,airport/SCM
SCN,175.80091372809932,airport/SCN
SCO,7.3906203823683185,airport/SCO
SCQ,181.37810980364205,airport/SCQ
SCT,2.2857142857142856,airport/SCT
SCU,280.11209563994373,airport/SCU
SCV,147.04268824987386,airport/SCV
SCW,2.23943661971831,airport/SCW
SCY,56.33097595473833,airport/SCY
SDD,5.9142857142857155,airport/SDD
SDE,30.72865935242173,airport/SDE
SDF,152.736240746701,airport/SDF
SDJ,150.42088220586126,airport/SDJ
SDK,32.873095860171944,airport/SDK
SDL,151.31477616196176,airport/SDL
SDN,151.5032260099861,airport/SDN
SDP,14.891503904595735,airport/SDP
SDQ,549.8898734177216,airport/SDQ
SDR,180.37810980364205,airport/SDR
SDU,232.01570501877774,airport/SDU
SDV,200.25,airport/SDV
SDY,31.45290741336767,airport/SDY
SEA,1688.0247022851624,airport/SEA
SEB,6.591156462585035,airport/SEB
SEN,586.9957285429141,airport/SEN
SEZ,41.78832080200501,airport/SEZ
SFA,9.091156462585035,airport/SFA
SFB,1537.7757144309116,airport/SFB
SFG,221.79728082512892,airport/SFG
SFJ,154.88620473339034,airport/SFJ
SFN,30.72865935242173,airport/SFN
SFO,3144.5724476432524,airport/SFO
SFT,151.31477616196176,airport/SFT
SGC,2.23943661971831,airport/SGC
SGF,54.20846296892322,airport/SGF
SGN,348.376544136034,airport/SGN
SGU,53.986240746701,airport/SGU
SGY,14.891503904595735,airport/SGY
SHA,153.43849643676464,airport/SHA
SHB,146.42088220586126,airport/SHB
SHD,21.986240746701,airport/SHD
SHE,17.93849643676462,airport/SHE
SHH,14.891503904595735,airport/SHH
SHJ,19.0,airport/SHJ
SHL,14.481332755549134,airport/SHL
SHM,146.42088220586126,airport/SHM
SHP,9.93849643676462,airport/SHP
SHR,20.486240746701,airport/SHR
SHV,48.55766931812957,airport/SHV
SHW,2.782608695652174,airport/SHW
SHX,14.891503904595735,airport/SHX
SID,16.114736164736165,airport/SID
SIG,431.3482067510549,airport/SIG
SIN,551.976544136034,airport/SIN
SIP,154.3781527853384,airport/SIP
SIT,22.891503904595737,airport/SIT
SJC,506.5724476432527,airport/SJC
SJD,491.8772663877266,airport/SJD
SJJ,169.80749424034357,airport/SJJ
SJO,482.85476190476186,airport/SJO
SJP,29.01570501877774,airport/SJP
SJT,23.950526460986712,airport/SJT
SJU,582.3482067510548,airport/SJU
SJW,9.93849643676462,airport/SJW
SJZ,187.09162122447054,airport/SJZ
SKB,233.29728082512892,airport/SKB
SKD,7.54213553388347,airport/SKD
SKE,150.5032260099861,airport/SKE
SKG,211.40749424034357,airport/SKG
SKK,14.891503904595735,airport/SKK
SKN,150.5032260099861,airport/SKN
SKO,7.936164736164736,airport/SKO
SKP,158.31191901910464,airport/SKP
SKT,13.620618469834849,airport/SKT
SKU,180.40749424034357,airport/SKU
SKZ,8.620618469834849,airport/SKZ
SLA,34.72865935242173,airport/SLA
SLC,813.986240746701,airport/SLC
SLI,13.1496336996337,airport/SLI
SLK,164.136240746701,airport/SLK
SLL,10.0,airport/SLL
SLM,175.37810980364205,airport/SLM
SLN,14.611240746700998,airport/SLN
SLP,84.87726638772664,airport/SLP
SLU,259.9861697140178,airport/SLU
SLW,53.877266387726635,airport/SLW
SLZ,31.01570501877774,airport/SLZ
SMA,185.09162122447054,airport/SMA
SMF,482.5724476432527,airport/SMF
SMI,182.40749424034357,airport/SMI
SML,238.37737341772151,airport/SML
SMR,77.65240452616689,airport/SMR
SMS,12.588320802005015,airport/SMS
SMX,77.57244764325272,airport/SMX
SNA,595.5724476432528,airport/SNA
SNC,31.33097595473833,airport/SNC
SNE,13.114736164736167,airport/SNE
SNN,364.57668092386655,airport/SNN
SNP,14.891503904595735,airport/SNP
SNU,280.11209563994373,airport/SNU
SOC,35.065433024922896,airport/SOC
SOF,185.31191901910464,airport/SOF
SOG,151.5032260099861,airport/SOG
SOJ,150.5032260099861,airport/SOJ
SOM,21.53811881188119,airport/SOM
SON,14.097931480284423,airport/SON
SOQ,37.065433024922896,airport/SOQ
SOU,172.49572854291412,airport/SOU
SOW,36.16805892851918,airport/SOW
SPC,185.12810980364205,airport/SPC
SPI,19.168058928519184,airport/SPI
SPN,23.462637362637366,airport/SPN
SPR,92.1547619047619,airport/SPR
SPS,21.950526460986712,airport/SPS
SPU,214.55749424034357,airport/SPU
SRE,28.473833097595474,airport/SRE
SRG,35.065433024922896,airport/SRG
SRQ,270.77571443091153,airport/SRQ
SSA,78.01570501877774,airport/SSA
SSG,5.7476190476190485,airport/SSG
SSH,38.70226757369615,airport/SSH
SSJ,150.5032260099861,airport/SSJ
STC,22.875129635589886,airport/STC
STD,21.53811881188119,airport/STD
STI,420.88987341772156,airport/STI
STL,308.2084629689232,airport/STL
STM,30.01570501877774,airport/STM
STN,598.9957285429141,airport/STN
STR,232.80091372809932,airport/STR
STS,106.57244764325273,airport/STS
STT,326.29728082512895,airport/STT
STV,16.481332755549133,airport/STV
STW,2.23943661971831,airport/STW
STX,280.29728082512895,airport/STX
SUB,42.065433024922896,airport/SUB
SUF,209.02713709748642,airport/SUF
SUG,43.97654413603401,airport/SUG
SUJ,148.04268824987386,airport/SUJ
SUN,29.819574080034332,airport/SUN
SUV,46.66936005171299,airport/SUV
SUX,22.236240746701,airport/SUX
SVA,14.891503904595735,airport/SVA
SVB,12.588320802005015,airport/SVB
SVC,19.541796302256554,airport/SVC
SVD,228.48616971401782,airport/SVD
SVG,164.50322600998607,airport/SVG
SVJ,150.5032260099861,airport/SVJ
SVL,148.63620473339034,airport/SVL
SVO,72.57276995305163,airport/SVO
SVQ,219.37810980364205,airport/SVQ
SVU,46.66936005171299,airport/SVU
SVX,3.23943661971831,airport/SVX
SWA,10.93849643676462,airport/SWA
SWF,189.136240746701,airport/SWF
SXB,270.62764076049007,airport/SXB
SXF,413.3009137280993,airport/SXF
SXM,247.79728082512892,airport/SXM
SXR,14.481332755549134,airport/SXR
SYD,758.4578754578754,airport/SYD
SYM,9.93849643676462,airport/SYM
SYO,146.42088220586126,airport/SYO
SYQ,359.85476190476186,airport/SYQ
SYR,284.136240746701,airport/SYR
SYX,12.93849643676462,airport/SYX
SYY,188.41001425719986,airport/SYY
SYZ,9.0,airport/SYZ
SZA,5.9142857142857155,airport/SZA
SZB,103.37309586017194,airport/SZB
SZF,151.18685931970865,airport/SZF
SZG,181.82091372809933,airport/SZG
SZK,23.239859263543472,airport/SZK
SZX,24.938496436764623,airport/SZX
SZZ,156.52091372809934,airport/SZZ
TAB,243.98616971401782,airport/TAB
TAC,47.97654413603401,airport/TAC
TAE,41.416510621161784,airport/TAE
TAG,45.97654413603401,airport/TAG
TAH,14.097931480284423,airport/TAH
TAI,2.2857142857142856,airport/TAI
TAK,146.42088220586126,airport/TAK
TAL,15.891503904595735,airport/TAL
TAM,56.877266387726635,airport/TAM
TAO,16.93849643676462,airport/TAO
TAP,57.377266387726635,airport/TAP
TAS,10.54213553388347,airport/TAS
TAY,150.88620473339034,airport/TAY
TBB,52.37654413603401,airport/TBB
TBG,12.312637362637362,airport/TBG
TBN,15.208462968923222,airport/TBN
TBP,55.31311881188119,airport/TBP
TBS,53.6312292358804,airport/TBS
TBT,29.01570501877774,airport/TBT
TBU,25.747252747252748,airport/TBU
TBW,2.23943661971831,airport/TBW
TBZ,6.0,airport/TBZ
TCB,243.37737341772151,airport/TCB
TCO,37.652404526166904,airport/TCO
TCQ,55.31311881188119,airport/TCQ
TCZ,9.93849643676462,airport/TCZ
TDD,28.473833097595474,airport/TDD
TDX,141.85154413603402,airport/TDX
TEE,7.448299319727891,airport/TEE
TEN,9.93849643676462,airport/TEN
TEQ,151.18685931970865,airport/TEQ
TER,189.09162122447054,airport/TER
TET,12.992490842490843,airport/TET
TEX,87.986240746701,airport/TEX
TFI,12.312637362637362,airport/TFI
TFN,223.12810980364205,airport/TFN
TFS,218.12810980364205,airport/TFS
TGD,160.80749424034357,airport/TGD
TGG,33.873095860171944,airport/TGG
TGM,148.04268824987386,airport/TGM
TGO,9.93849643676462,airport/TGO
TGU,108.45476190476191,airport/TGU
TGZ,61.377266387726635,airport/TGZ
THE,31.01570501877774,airport/THE
THR,34.0,airport/THR
THS,142.85154413603402,airport/THS
TIA,180.80749424034357,airport/TIA
TIF,3.782608695652174,airport/TIF
TIH,12.747252747252748,airport/TIH
TIJ,95.87726638772664,airport/TIJ
TIM,36.065433024922896,airport/TIM
TIP,6.591156462585035,airport/TIP
TIR,16.481332755549133,airport/TIR
TIU,49.63186813186814,airport/TIU
TIV,154.80749424034357,airport/TIV
TIZ,12.312637362637362,airport/TIZ
TJA,29.473833097595474,airport/TJA
TJM,2.23943661971831,airport/TJM
TJQ,35.065433024922896,airport/TJQ
TJU,7.54213553388347,airport/TJU
TKG,35.065433024922896,airport/TKG
TKK,12.462637362637363,airport/TKK
TKS,146.42088220586126,airport/TKS
TKU,149.63620473339034,airport/TKU
TLC,324.3772663877266,airport/TLC
TLE,12.588320802005015,airport/TLE
TLH,144.77571443091153,airport/TLH
TLL,174.88620473339034,airport/TLL
TLM,7.448299319727891,airport/TLM
TLN,265.62764076049007,airport/TLN
TLS,288.62764076049007,airport/TLS
TLT,14.891503904595735,airport/TLT
TLV,277.25,airport/TLV
TMJ,7.54213553388347,airport/TMJ
TMM,12.588320802005015,airport/TMM
TMP,148.63620473339034,airport/TMP
TMR,7.448299319727891,airport/TMR
TMS,7.7476190476190485,airport/TMS
TMU,146.35476190476192,airport/TMU
TMW,22.45787545787546,airport/TMW
TNA,11.93849643676462,airport/TNA
TNG,43.30544217687074,airport/TNG
TNJ,36.065433024922896,airport/TNJ
TNN,41.43317728782845,airport/TNN
TNO,147.35476190476192,airport/TNO
TNR,17.588320802005015,airport/TNR
TOD,32.873095860171944,airport/TOD
TOE,8.091156462585035,airport/TOE
TOF,2.23943661971831,airport/TOF
TOL,35.12909788955814,airport/TOL
TOS,162.50322600998607,airport/TOS
TOY,146.42088220586126,airport/TOY
TPA,896.2757144309115,airport/TPA
TPE,206.43317728782847,airport/TPE
TPP,54.31311881188119,airport/TPP
TPQ,55.877266387726635,airport/TPQ
TPS,203.02713709748642,airport/TPS
TRC,61.877266387726635,airport/TRC
TRD,154.5032260099861,airport/TRD
TRE,188.41001425719986,airport/TRE
TRF,209.5032260099861,airport/TRF
TRG,45.63186813186814,airport/TRG
TRI,55.486240746701,airport/TRI
TRK,35.065433024922896,airport/TRK
TRN,215.02713709748642,airport/TRN
TRO,22.45787545787546,airport/TRO
TRS,206.02713709748642,airport/TRS
TRU,56.31311881188119,airport/TRU
TRV,46.48133275554913,airport/TRV
TRW,13.747252747252748,airport/TRW
TRZ,14.481332755549134,airport/TRZ
TSA,147.43317728782847,airport/TSA
TSE,15.390620382368319,airport/TSE
TSF,354.5271370974864,airport/TSF
TSJ,146.42088220586126,airport/TSJ
TSN,13.93849643676462,airport/TSN
TSR,150.04268824987386,airport/TSR
TSV,23.45787545787546,airport/TSV
TTA,36.30544217687074,airport/TTA
TTE,35.065433024922896,airport/TTE
TTJ,146.42088220586126,airport/TTJ
TTN,322.48624074670096,airport/TTN
TTT,38.43317728782845,airport/TTT
TTU,38.30544217687074,airport/TTU
TUA,30.33097595473833,airport/TUA
TUB,34.94725274725275,airport/TUB
TUC,36.72865935242173,airport/TUC
TUG,44.97654413603401,airport/TUG
TUI,2.782608695652174,airport/TUI
TUK,8.620618469834849,airport/TUK
TUL,118.986240746701,airport/TUL
TUN,30.091156462585037,airport/TUN
TUO,45.63186813186814,airport/TUO
TUP,14.700526460986712,airport/TUP
TUS,309.16805892851914,airport/TUS
TUU,2.782608695652174,airport/TUU
TVC,38.361240746701,airport/TVC
TVF,21.875129635589886,airport/TVF
TVU,45.66936005171299,airport/TVU
TWF,22.819574080034332,airport/TWF
TWU,32.873095860171944,airport/TWU
TXK,23.486240746701,airport/TXK
TXL,431.3009137280993,airport/TXL
TXN,9.93849643676462,airport/TXN
TYF,151.31477616196176,airport/TYF
TYN,10.93849643676462,airport/TYN
TYR,26.950526460986715,airport/TYR
TYS,133.48624074670101,airport/TYS
TZA,125.6547619047619,airport/TZA
TZX,155.18685931970865,airport/TZX
UAK,154.88620473339034,airport/UAK
UAQ,31.72865935242173,airport/UAQ
UBJ,146.42088220586126,airport/UBJ
UBP,141.85154413603402,airport/UBP
UDI,33.01570501877774,airport/UDI
UDR,17.481332755549133,airport/UDR
UEL,12.992490842490843,airport/UEL
UEO,157.08754887252792,airport/UEO
UET,8.620618469834849,airport/UET
UFA,2.23943661971831,airport/UFA
UGC,7.54213553388347,airport/UGC
UIB,36.652404526166904,airport/UIB
UIH,52.37654413603401,airport/UIH
UII,63.45476190476191,airport/UII
UIN,14.16805892851918,airport/UIN
UIO,222.33097595473834,airport/UIO
UIP,265.62764076049007,airport/UIP
UKB,184.7542155391946,airport/UKB
UKK,7.3906203823683185,airport/UKK
UKS,154.3781527853384,airport/UKS
ULN,19.08317728782845,airport/ULN
ULV,2.23943661971831,airport/ULV
UME,153.31477616196176,airport/UME
UNG,12.312637362637362,airport/UNG
UNK,14.891503904595735,airport/UNK
UPG,36.065433024922896,airport/UPG
UPN,53.21059972105997,airport/UPN
URC,11.93849643676462,airport/URC
URE,149.88620473339034,airport/URE
URS,3.23943661971831,airport/URS
URT,143.85154413603402,airport/URT
URY,2.782608695652174,airport/URY
USH,38.72865935242173,airport/USH
USK,2.23943661971831,airport/USK
USM,179.85154413603402,airport/USM
USN,41.416510621161784,airport/USN
USU,55.97654413603401,airport/USU
UTH,141.85154413603402,airport/UTH
UTN,23.239859263543472,airport/UTN
UTP,142.85154413603402,airport/UTP
UTT,23.239859263543472,airport/UTT
UUD,3.23943661971831,airport/UUD
UUS,2.23943661971831,airport/UUS
UVF,265.9861697140178,airport/UVF
UYN,9.93849643676462,airport/UYN
VAA,148.63620473339034,airport/VAA
VAI,12.312637362637362,airport/VAI
VAK,14.891503904595735,airport/VAK
VAN,151.18685931970865,airport/VAN
VAR,152.31191901910464,airport/VAR
VAS,151.18685931970865,airport/VAS
VAW,150.5032260099861,airport/VAW
VBY,151.31477616196176,airport/VBY
VCA,52.37654413603401,airport/VCA
VCE,394.5271370974864,airport/VCE
VCL,52.37654413603401,airport/VCL
VCP,138.34903835211108,airport/VCP
VCS,52.37654413603401,airport/VCS
VCT,20.950526460986712,airport/VCT
VDA,53.25,airport/VDA
VDE,185.12810980364205,airport/VDE
VDH,52.37654413603401,airport/VDH
VDM,31.72865935242173,airport/VDM
VDS,150.5032260099861,airport/VDS
VDZ,14.891503904595735,airport/VDZ
VEE,14.891503904595735,airport/VEE
VEL,43.986240746701,airport/VEL
VER,64.37726638772664,airport/VER
VFA,18.959157509157507,airport/VFA
VGA,20.481332755549133,airport/VGA
VGO,182.37810980364205,airport/VGO
VHM,151.31477616196176,airport/VHM
VIE,349.8209137280993,airport/VIE
VIG,21.53811881188119,airport/VIG
VII,52.37654413603401,airport/VII
VIJ,248.29728082512892,airport/VIJ
VIL,6.591156462585035,airport/VIL
VIS,74.57244764325272,airport/VIS
VIX,47.01570501877774,airport/VIX
VKG,52.37654413603401,airport/VKG
VKO,61.57276995305164,airport/VKO
VLC,233.37810980364205,airport/VLC
VLD,19.986240746701,airport/VLD
VLG,31.72865935242173,airport/VLG
VLI,16.097931480284423,airport/VLI
VLL,175.37810980364205,airport/VLL
VLN,41.53811881188119,airport/VLN
VLV,21.53811881188119,airport/VLV
VNO,166.21953806672366,airport/VNO
VNS,15.481332755549134,airport/VNS
VNX,12.992490842490843,airport/VNX
VOG,2.23943661971831,airport/VOG
VOL,178.40749424034357,airport/VOL
VOZ,2.23943661971831,airport/VOZ
VPS,150.77571443091153,airport/VPS
VPY,12.992490842490843,airport/VPY
VQS,249.34820675105485,airport/VQS
VRA,320.11209563994373,airport/VRA
VRK,148.63620473339034,airport/VRK
VRN,211.02713709748642,airport/VRN
VSA,62.877266387726635,airport/VSA
VSG,154.3781527853384,airport/VSG
VST,197.56477616196176,airport/VST
VTE,45.54797270746258,airport/VTE
VTZ,24.48133275554914,airport/VTZ
VUP,38.652404526166904,airport/VUP
VVC,37.652404526166904,airport/VVC
VVI,64.47383309759547,airport/VVI
VVO,5.23943661971831,airport/VVO
VXC,12.992490842490843,airport/VXC
VXE,14.114736164736167,airport/VXE
VXO,151.31477616196176,airport/VXO
WAA,14.891503904595735,airport/WAA
WAG,45.63186813186814,airport/WAG
WAT,316.57668092386655,airport/WAT
WAW,256.52091372809934,airport/WAW
WBB,14.891503904595735,airport/WBB
WDH,21.125824175824178,airport/WDH
WEF,9.93849643676462,airport/WEF
WEH,9.93849643676462,airport/WEH
WEI,25.45787545787546,airport/WEI
WGA,22.45787545787546,airport/WGA
WHK,45.63186813186814,airport/WHK
WIC,188.41001425719986,airport/WIC
WJU,41.416510621161784,airport/WJU
WKJ,146.42088220586126,airport/WKJ
WLG,86.63186813186813,airport/WLG
WLK,14.891503904595735,airport/WLK
WLS,13.747252747252748,airport/WLS
WMO,14.891503904595735,airport/WMO
WNP,45.97654413603401,airport/WNP
WNZ,11.93849643676462,airport/WNZ
WRE,46.63186813186814,airport/WRE
WRG,14.891503904595735,airport/WRG
WRL,19.486240746701,airport/WRL
WRO,161.52091372809934,airport/WRO
WSZ,45.63186813186814,airport/WSZ
WTK,14.891503904595735,airport/WTK
WTL,14.891503904595735,airport/WTL
WUA,9.93849643676462,airport/WUA
WUH,27.938496436764623,airport/WUH
WUS,9.93849643676462,airport/WUS
WUX,9.93849643676462,airport/WUX
WVB,15.125824175824176,airport/WVB
WWK,12.312637362637362,airport/WWK
WXN,9.93849643676462,airport/WXN
WYA,22.45787545787546,airport/WYA
WYS,30.45290741336767,airport/WYS
XAP,32.01570501877774,airport/XAP
XCH,22.45787545787546,airport/XCH
XFN,9.93849643676462,airport/XFN
XIC,9.93849643676462,airport/XIC
XIL,9.93849643676462,airport/XIL
XIY,12.93849643676462,airport/XIY
XKH,34.54797270746258,airport/XKH
XMH,12.747252747252748,airport/XMH
XMN,16.93849643676462,airport/XMN
XMS,30.33097595473833,airport/XMS
XNA,76.486240746701,airport/XNA
XNN,9.93849643676462,airport/XNN
XQP,150.35476190476192,airport/XQP
XRY,181.37810980364205,airport/XRY
XSC,260.8565400843882,airport/XSC
XUZ,9.93849643676462,airport/XUZ
YAG,12.770883409003234,airport/YAG
YAK,14.891503904595735,airport/YAK
YAM,15.770883409003234,airport/YAM
YAP,12.462637362637363,airport/YAP
YAT,12.770883409003234,airport/YAT
YAY,14.520883409003234,airport/YAY
YBB,11.947353997238528,airport/YBB
YBC,14.093464054164524,airport/YBC
YBG,15.093464054164524,airport/YBG
YBK,11.947353997238528,airport/YBK
YBL,13.770883409003234,airport/YBL
YBP,9.93849643676462,airport/YBP
YBR,13.342311980431806,airport/YBR
YBX,14.093464054164524,airport/YBX
YCB,11.947353997238528,airport/YCB
YCD,37.77088340900323,airport/YCD
YCG,13.770883409003234,airport/YCG
YCO,11.947353997238528,airport/YCO
YCU,9.93849643676462,airport/YCU
YCY,11.947353997238528,airport/YCY
YDF,22.520883409003236,airport/YDF
YDQ,13.770883409003234,airport/YDQ
YEG,190.07088340900324,airport/YEG
YEK,11.947353997238528,airport/YEK
YEV,11.913740551860377,airport/YEV
YFA,12.770883409003234,airport/YFA
YFB,11.947353997238528,airport/YFB
YFC,25.770883409003236,airport/YFC
YFO,13.270883409003234,airport/YFO
YFS,11.913740551860377,airport/YFS
YGJ,146.42088220586126,airport/YGJ
YGK,15.770883409003234,airport/YGK
YGL,14.093464054164524,airport/YGL
YGP,15.093464054164524,airport/YGP
YGR,15.093464054164524,airport/YGR
YGT,12.947353997238528,airport/YGT
YGW,14.093464054164524,airport/YGW
YGX,12.342311980431806,airport/YGX
YHD,18.770883409003236,airport/YHD
YHM,339.7708834090032,airport/YHM
YHU,333.0934640541645,airport/YHU
YHY,11.913740551860377,airport/YHY
YHZ,165.27088340900323,airport/YHZ
YIH,9.93849643676462,airport/YIH
YIK,14.093464054164524,airport/YIK
YIN,9.93849643676462,airport/YIN
YIO,11.947353997238528,airport/YIO
YIW,11.93849643676462,airport/YIW
YJT,15.520883409003234,airport/YJT
YKA,31.770883409003236,airport/YKA
YKF,27.770883409003236,airport/YKF
YKL,11.770883409003234,airport/YKL
YKM,36.52470228516254,airport/YKM
YKQ,14.093464054164524,airport/YKQ
YKS,2.23943661971831,airport/YKS
YKU,14.093464054164524,airport/YKU
YLL,13.270883409003234,airport/YLL
YLW,76.77088340900323,airport/YLW
YMM,23.070883409003237,airport/YMM
YMN,14.520883409003234,airport/YMN
YMO,13.770883409003234,airport/YMO
YMT,14.093464054164524,airport/YMT
YNA,14.093464054164524,airport/YNA
YNB,2.782608695652174,airport/YNB
YNC,14.093464054164524,airport/YNC
YND,71.59346405416453,airport/YND
YNJ,9.93849643676462,airport/YNJ
YNS,14.093464054164524,airport/YNS
YNT,10.93849643676462,airport/YNT
YNY,43.416510621161784,airport/YNY
YNZ,9.93849643676462,airport/YNZ
YOJ,16.070883409003233,airport/YOJ
YOL,7.936164736164736,airport/YOL
YOP,16.070883409003233,airport/YOP
YOW,91.27088340900323,airport/YOW
YPH,14.093464054164524,airport/YPH
YPR,13.770883409003234,airport/YPR
YPW,13.770883409003234,airport/YPW
YPX,14.093464054164524,airport/YPX
YQB,78.09346405416453,airport/YQB
YQC,14.093464054164524,airport/YQC
YQD,14.342311980431806,airport/YQD
YQF,16.070883409003233,airport/YQF
YQG,17.770883409003236,airport/YQG
YQK,23.34231198043181,airport/YQK
YQL,18.070883409003233,airport/YQL
YQM,39.77088340900323,airport/YQM
YQQ,26.770883409003236,airport/YQQ
YQR,41.27088340900323,airport/YQR
YQT,27.770883409003236,airport/YQT
YQU,27.070883409003237,airport/YQU
YQX,29.520883409003236,airport/YQX
YQY,32.27088340900323,airport/YQY
YQZ,13.770883409003234,airport/YQZ
YRB,11.947353997238528,airport/YRB
YRL,12.770883409003234,airport/YRL
YRT,11.947353997238528,airport/YRT
YSB,19.770883409003236,airport/YSB
YSJ,21.770883409003236,airport/YSJ
YSM,16.213740551860376,airport/YSM
YTE,12.947353997238528,airport/YTE
YTH,12.342311980431806,airport/YTH
YTM,14.093464054164524,airport/YTM
YTS,14.770883409003234,airport/YTS
YTZ,321.7708834090032,airport/YTZ
YUL,407.0934640541645,airport/YUL
YUM,64.16805892851919,airport/YUM
YUS,9.93849643676462,airport/YUS
YUX,11.947353997238528,airport/YUX
YUY,15.093464054164524,airport/YUY
YVB,15.093464054164524,airport/YVB
YVM,12.947353997238528,airport/YVM
YVO,14.093464054164524,airport/YVO
YVP,14.093464054164524,airport/YVP
YVQ,11.913740551860377,airport/YVQ
YVR,1195.7708834090033,airport/YVR
YWG,91.3423119804318,airport/YWG
YWJ,11.913740551860377,airport/YWJ
YWK,17.520883409003233,airport/YWK
YWL,13.770883409003234,airport/YWL
YXC,19.770883409003236,airport/YXC
YXE,48.27088340900323,airport/YXE
YXH,17.070883409003233,airport/YXH
YXJ,14.770883409003234,airport/YXJ
YXL,17.770883409003236,airport/YXL
YXP,11.947353997238528,airport/YXP
YXS,26.770883409003236,airport/YXS
YXT,19.770883409003236,airport/YXT
YXU,40.77088340900323,airport/YXU
YXX,28.770883409003236,airport/YXX
YXY,28.770883409003236,airport/YXY
YYB,13.770883409003234,airport/YYB
YYC,489.0708834090032,airport/YYC
YYD,14.770883409003234,airport/YYD
YYE,14.770883409003234,airport/YYE
YYF,20.770883409003236,airport/YYF
YYG,44.77088340900323,airport/YYG
YYH,11.947353997238528,airport/YYH
YYJ,98.77088340900323,airport/YYJ
YYQ,13.342311980431806,airport/YYQ
YYR,14.520883409003234,airport/YYR
YYT,67.52088340900323,airport/YYT
YYU,12.770883409003234,airport/YYU
YYY,14.093464054164524,airport/YYY
YYZ,629.7708834090032,airport/YYZ
YZF,25.91374055186038,airport/YZF
YZG,14.093464054164524,airport/YZG
YZP,14.770883409003234,airport/YZP
YZR,12.770883409003234,airport/YZR
YZS,11.947353997238528,airport/YZS
YZT,13.770883409003234,airport/YZT
YZV,15.093464054164524,airport/YZV
YZZ,13.770883409003234,airport/YZZ
ZAD,189.55749424034357,airport/ZAD
ZAG,230.55749424034357,airport/ZAG
ZAL,46.18811881188119,airport/ZAL
ZAM,43.97654413603401,airport/ZAM
ZAZ,177.37810980364205,airport/ZAZ
ZBF,15.770883409003234,airport/ZBF
ZCL,65.87726638772664,airport/ZCL
ZCO,47.18811881188119,airport/ZCO
ZEL,13.770883409003234,airport/ZEL
ZEM,14.093464054164524,airport/ZEM
ZHA,9.93849643676462,airport/ZHA
ZIG,8.531402831402833,airport/ZIG
ZIH,84.87726638772664,airport/ZIH
ZLO,67.87726638772664,airport/ZLO
ZMT,16.770883409003233,airport/ZMT
ZNE,22.45787545787546,airport/ZNE
ZNZ,55.674285714285716,airport/ZNZ
ZOS,43.18811881188119,airport/ZOS
ZQN,75.63186813186813,airport/ZQN
ZRH,451.11853277571834,airport/ZRH
ZSA,238.37737341772151,airport/ZSA
ZSE,11.788320802005014,airport/ZSE
ZTH,178.40749424034357,airport/ZTH
ZUH,9.93849643676462,airport/ZUH
ZVK,33.54797270746258,airport/ZVK
ZYL,12.328951803168183,airport/ZYL
