Country Name,Country Code,Indicator Name,Indicator Code,1960,1961,1962,1963,1964,1965,1966,1967,1968,1969,1970,1971,1972,1973,1974,1975,1976,1977,1978,1979,1980,1981,1982,1983,1984,1985,1986,1987,1988,1989,1990,1991,1992,1993,1994,1995,1996,1997,1998,1999,2000,2001,2002,2003,2004,2005,2006,2007,2008,2009,2010,2011,2012,2013,2014,2015,2016,2017,2018,2019,2020,Unnamed: 65
Afghanistan,AFG,GDP growth (annual %),NY.GDP.MKTP.KD.ZG,,,,,,,,,,,,,,,,,,,,,,,,,,,,,,,,,,,,,,,,,,,,8.83227780370235,1.41411798021913,11.229714838859401,5.35740324754596,13.8263195390595,3.9249838228452796,21.390528405312,14.362441459681499,0.4263547928565711,12.7522870825789,5.600744661318691,2.72454336495092,1.45131465457983,2.26031420454613,2.64700320230295,1.18922812897529,3.9116034186069704,,
Angola,AGO,GDP growth (annual %),NY.GDP.MKTP.KD.ZG,,,,,,,,,,,,,,,,,,,,,,-4.4000012193616795,0.0,4.20000142834162,6.000002164373,3.49999948953467,2.9000017426512,4.08274863648847,6.1288904762001595,0.0416214618442581,-3.45009868360484,0.9913593014608749,-5.83828073313141,-23.9834174420578,1.3393634364799099,15.0000000288634,13.544369755102599,7.27427735460373,4.691146450935519,2.18148971840458,3.05462423430785,4.2059985561951,13.6656865230232,2.98985001039553,10.952861768710301,15.028915317530197,11.547683178163302,14.010018242632801,11.166138330361399,0.858712615098284,4.403932543437611,3.47197634454024,8.542187642653719,4.95454464636187,4.82262756838996,0.943571561325001,-2.58004964404932,-0.147212941085755,-2.0036297273020103,-0.624644317706895,,
Argentina,ARG,GDP growth (annual %),NY.GDP.MKTP.KD.ZG,,5.427842879512481,-0.852021523482009,-5.30819682651725,10.1302976614338,10.569433340342801,-0.659726171593704,3.1919966233703,4.82250078158644,9.67952600806899,3.04564331900328,5.65813108318036,1.6284165162551103,2.81175404095775,5.5338043948322,-0.0284121027670778,-2.01825151667566,6.934147755379749,-4.5061248024769505,10.222763464872699,1.51878394940456,-5.18978914005386,-0.7356591616272959,4.3490932795742205,1.5707387022300698,-5.189024352155291,6.15337706274559,2.7048688260089304,-1.08993334173134,-7.156949655549719,-2.4672137763745896,9.13311056620101,7.937291556430759,8.20697907221228,5.83620070368526,-2.84520961057079,5.526689827152341,8.1110467707457,3.85017885156228,-3.3854570406326903,-0.78899893905691,-4.40883968258557,-10.8944848285903,8.837040795769239,9.02957330068152,8.851659920134368,8.04715150043027,9.00765087504757,4.05723310346406,-5.91852507634947,10.1253981561002,6.003951692805789,-1.0264204544320998,2.40532378079436,-2.5126153208139397,2.7311598282894396,-2.08032784377811,2.81850297245272,-2.56535187644216,-2.08801486381233,,
Australia,AUS,GDP growth (annual %),NY.GDP.MKTP.KD.ZG,,2.4857694918794704,1.29608735213831,6.21463039549282,6.97852215948878,5.98350598919795,2.3824584225947203,6.30262019041623,5.0958138004770195,7.044329321417591,7.1721865762751404,4.00368353437398,3.91252352957896,2.61372315111119,4.10336216123119,1.34991678730046,2.58769620026857,3.59742756746006,0.896879845528218,4.04348669176025,3.03424587145736,3.33776813804133,3.32844193385323,-2.22047012220898,4.58129721922676,5.24932960928453,4.03752885052448,2.5511704588515403,5.74338158549649,3.8611735161544103,3.57099814702293,-0.39781769961490504,0.41218470060933,4.02990646050326,3.9838901529317097,3.837755292963,3.8785852933782405,3.96653766174953,4.57668875918884,5.07359909510564,3.9331369447020603,1.93085759225417,4.0014040616517,2.98593432165801,4.055451967509581,3.20426979287869,2.79453702446311,3.84423031556788,3.65795352556486,1.93699392030038,2.067417127684,2.46275631162725,3.9181628709411203,2.5848977015489303,2.5331146653882004,2.19264742646037,2.7706521973025002,2.3006106235942503,2.94928577160958,2.16095629535999,,
Bangladesh,BGD,GDP growth (annual %),NY.GDP.MKTP.KD.ZG,,6.05816082548085,5.4530309698718895,-0.45589428993871206,10.952788546041699,1.6062582289157599,2.56681200128052,-1.87586391964774,9.48945401547951,1.22085790909685,5.61985229280111,-5.47948302721956,-13.9737287020439,3.32568019878394,9.591956300418449,-4.08821409181658,5.661361201196639,2.6730560500198397,7.073837732606901,4.80163460055662,0.8191418688989099,7.23394369490723,2.1343278357707502,3.8810463998171496,4.80331001525438,3.3420146541541405,4.173382559004,3.7724018525270497,2.41625685566223,2.8365821290792597,5.62225816160702,3.4852278153552003,5.44268555072129,4.7115617244945005,3.89012644065639,5.1212778971616295,4.522919217623441,4.489896497356309,5.17702687345256,4.670156368278651,5.2932947184604,5.0772877759731205,3.83312394005608,4.73956739916446,5.2395329104527,6.535944940523519,6.671904981481481,7.0585993565727,6.01378975923306,5.045124794177379,5.57178818823149,6.46437912329563,6.5214587808420195,6.01360565777871,6.061059358772139,6.552639878796509,7.113478213272691,7.28417442269364,7.86374303036237,8.15268494677524,,
Brazil,BRA,GDP growth (annual %),NY.GDP.MKTP.KD.ZG,,10.275911554301,5.21605942017898,0.874672592408302,3.4855823042772003,3.0534878936692404,4.15036023303348,4.9152656750112405,11.4272823832672,9.73582688991277,8.76994747172606,11.295086843350198,12.0528022500388,13.9786916510762,9.04212031316946,5.209075901143651,9.79041016147646,4.60631806113751,3.2317095633357398,6.76628496532688,9.110960155171679,-4.39335720034877,0.58024555339469,-3.4097934737163595,5.26914314976867,7.94586174871235,7.98829510486276,3.5996294668086897,-0.10267271838372902,3.2794588579642303,-3.10235594875007,1.51193723815426,-0.466913211737747,4.66516899045992,5.33455170168176,4.416731355437321,2.20753552677458,3.3948459848441805,0.338097902952427,0.467937567378257,4.38794944267383,1.3898964032589298,3.05346185795257,1.14082899810009,5.75996463871775,3.2021313799023505,3.9619887218498797,6.069870607718401,5.09419544732717,-0.12581199941486398,7.52822583005563,3.97442540583816,1.9211503183630498,3.00484630505706,0.503955740242247,-3.5457633926942496,-3.27591690782192,1.32286905404399,1.31722399870793,1.13658557200958,,
Canada,CAN,GDP growth (annual %),NY.GDP.MKTP.KD.ZG,,3.16329168371298,7.42538477443719,5.34954645713648,6.64289441498821,6.31671417557232,6.7049917643470796,3.0912059621780896,4.995666604640429,5.04545636736964,11.9535716774982,3.9702506196117997,5.50968382512025,6.83574217770631,3.28032305546857,1.46123677078165,5.87863016314196,3.43815143649844,3.6835089701971797,3.7111683833193303,2.15553743661219,3.47412638547884,-3.18726208287583,2.60133934896891,5.90845712308878,4.73739982911172,2.1449720333144997,4.07295914712257,4.4101109794303,2.31697928941396,0.164672580306785,-2.08608546761636,0.900259560172984,2.66085658586188,4.49446618172855,2.69397628551813,1.6191724902275602,-3.8452944163932004,2.79654247993439,3.97048263689422,4.91776274356224,1.40552758872816,3.4221461713249304,3.81109015282463,3.91402878219242,4.99586086930171,4.16581762720676,6.868608857030469,1.0076226954575602,-2.92840016684549,3.08949461982786,3.14688137207058,1.7622225494588102,2.3291225062102003,2.87003607545671,0.659176863558869,1.00139441390405,3.1707298965875297,2.01363918733426,1.65604084498516,,
China,CHN,GDP growth (annual %),NY.GDP.MKTP.KD.ZG,,-27.270000003946098,-5.579999990136,10.299999995275801,18.179999994202,16.950000002496,10.650000004173599,-5.77000000422508,-4.09999999214142,16.9399999961093,19.299999996256002,7.06000000335179,3.80999999825444,7.7600000016445,2.31000000049113,8.720000000475121,-1.57000000275067,7.56999999917166,11.3259779901995,7.591324680000299,7.83414501593799,5.11276109058912,9.01711391382203,10.7702025065715,15.1915400236134,13.430677520406402,8.94996176438008,11.6574277931357,11.222594982521,4.20633435547815,3.9202513677656903,9.262786084621741,14.2245295924457,13.8837293020436,13.0368066326902,10.9539543420185,9.922556752884589,9.23677989169124,7.84595178733933,7.66165150045002,8.49009340601468,8.335733478213239,9.13363078988934,10.038030480837099,10.1136213778964,11.3945918098662,12.7209556651723,14.2308609332879,9.65067891934387,9.398725632582972,10.6358710645426,9.55083217886425,7.86373644864966,7.766150097630019,7.42576365632598,7.041328878771941,6.84876220493844,6.9472007933066795,6.749773832541809,6.11011828768078,,
Cote d'Ivoire,CIV,GDP growth (annual %),NY.GDP.MKTP.KD.ZG,,9.93255515642181,1.2269944895618001,14.4903558649229,17.6130878300437,-3.1096542731538794,11.5773596873008,4.59815178481257,12.548248640008,9.53921877104177,10.375031843412499,9.45663766136524,4.23662501230655,5.939197535813019,4.32738085735423,8.25288636878652,12.9163974379442,7.31445915523163,10.909453647607501,2.39440746438655,-10.9576972660203,3.5004989074401496,0.20082235163889103,-3.9002404422400803,-2.7012614342204304,4.501223175215361,3.25934876734534,-0.348972909434281,1.1364839635205901,2.9480049449687002,-1.09590841115427,0.0409251684372549,-0.24456061203250098,-0.19248509988932502,0.8112066848511569,7.12574472410704,7.72932742178315,3.7435531443495096,4.93067962774325,1.6175274430833602,-2.06840005722563,0.121371915505208,-1.6676421381036601,-1.3595359429473999,1.23177283994625,1.7212473674956204,1.51584236326204,1.7650367840716699,2.54284147638732,3.25145371844513,2.0176385921243,-4.38725478852277,10.7065041034855,8.889421301554279,8.794077390277309,8.84285994958891,7.17920782392478,7.35963808821695,6.89028431967284,6.231709513050831,,
Cameroon,CMR,GDP growth (annual %),NY.GDP.MKTP.KD.ZG,,1.18368081170732,3.0415590510083597,3.74255032024205,3.5471596957654397,2.02605371473777,4.614955620690849,-10.9120655904008,6.34632385552484,4.901479522640059,3.09206823596762,3.47970781666605,2.6738432924125,5.35568077795112,10.734262259412,11.245058774704699,-5.49513839675093,13.739871523038799,22.0030049229977,6.035118773267139,-1.96529166883708,17.0826822487541,7.51620260553759,6.86683056611419,7.4745725430174,8.0631616718716,6.771663080497791,-2.14665021191921,-7.82363197506439,-1.81912051252306,-6.105697646082691,-3.8085993724514706,-3.10000321079072,-7.932066574565741,2.1239354436073796,3.4697921483268703,4.36108651788504,5.23132070868648,4.50229124101837,4.29201694525003,3.5533743641612703,4.368084242170029,4.23720367718512,4.56719525637388,6.780955923773191,2.02066230714679,3.45766879254916,4.90220173244047,3.48880091903693,2.1986641019343303,3.4225076411544,4.1292771605696705,4.54326501566733,5.404265709717361,5.88405932668046,5.651463743628299,4.64848155087741,3.5490873182218903,4.0624868406868195,3.72071142232247,,
Congo, Dem. Rep.",COD,GDP growth (annual %),NY.GDP.MKTP.KD.ZG,,-10.8513760836337,21.200697514813303,5.213990134349,-2.44022356449149,0.997348793527436,6.775485301721861,-0.9857386614879571,4.3326984640191695,9.328837438554801,-0.245056575086281,6.005018067375571,0.151135513789043,8.13727588740186,3.13058587923621,-4.98163100525389,-5.3090020809714105,0.7607936015508159,-5.34529152756241,0.43008826209265294,2.19491292367728,2.3505240748609997,-0.45767760896157506,1.4117036882630198,5.54107402196995,0.46785095094605794,4.71720965340852,2.67564245126934,0.47038133674870203,-1.26605063560955,-6.56831069464246,-8.42105149913377,-10.5000085646477,-13.469050538127902,-3.89999680312387,0.699998829794396,-1.02317264199922,-5.61704659870088,-1.6241540447898897,-4.270140831133499,-6.9109273165210094,-2.10017302488846,2.9477651835976704,5.5778223114442405,6.738373933242941,6.13515115548972,5.3209795654899805,6.25947776437397,6.225894268691929,2.8550640101148397,7.107976575813921,6.8746708900163,7.08689894671942,8.48195663608755,9.47028809714084,6.916187810267861,2.3993790982900696,3.7269476533326698,5.82112109989339,4.384528881038819,,
Colombia,COL,GDP growth (annual %),NY.GDP.MKTP.KD.ZG,,5.08921698366154,5.411889614077281,3.2867075536885397,6.16694132410072,3.6000113924408597,5.23673585732512,4.134864165588721,5.933118002391111,6.1025173067124605,6.20779696259058,5.9607279444282995,7.66914754853083,6.72295496461071,5.7457571888738705,2.32325528529218,4.72836873130117,4.158505455342589,8.46990083863976,5.37911898776446,4.08735367309492,2.2768727473298997,0.9484207864084481,1.5739560382876798,3.35068373898201,3.10710619368098,5.82407613847742,5.368932148136031,4.06417324517207,3.41409610863153,4.2819983320757204,2.00160759679279,4.044929437740779,5.38540993856773,5.814661907878129,5.2024375925092,2.05585471217387,3.43029367827623,0.569784089866261,-4.20401524369927,2.92486148314592,1.6778983076995502,2.5039804655068596,3.91827190359832,5.333022067452361,4.828761107950849,6.71686869844402,6.738194690909751,3.2834461861654103,1.13964864548062,4.49465897070922,6.94789198173555,3.91263576716115,5.13399351995672,4.49903000110972,2.95590137527523,2.08738250162794,1.35936086788746,2.5153244557175998,3.26021670173643,,
Germany,DEU,GDP growth (annual %),NY.GDP.MKTP.KD.ZG,,,,,,,,,,,,3.13269973811248,4.30034133420232,4.777486892173849,0.890068740587211,-0.866738894227723,4.94925837665457,3.3472181200167204,3.00849285673846,4.15036334066737,1.40882863572145,0.529240556536067,-0.394840774795966,1.5724101695211599,2.8229478099795497,2.32793526226367,2.2873392212703596,1.4021516274205499,3.7072356594959106,3.8965516921444703,5.255006082780111,5.10826152190214,1.923076559054,-0.9768498181605171,2.39189207051331,1.54414649556445,0.8058228914900101,1.79216082094591,2.01393278519326,1.88726115399444,2.91250296366708,1.68146848097079,-0.19797383477136102,-0.700116686114356,1.17508813160987,0.7317071635541909,3.816441912988,2.9764551313159706,0.95987913356484,-5.693836336402851,4.1798824987365695,3.9251927046341097,0.41849759421759797,0.43759130314467104,2.2095434313487203,1.4919315276077199,2.22999986782015,2.60197600462604,1.26799523225071,0.555450887945668,,
Algeria,DZA,GDP growth (annual %),NY.GDP.MKTP.KD.ZG,,-13.6054413259301,-19.685041825216,34.3137287827466,5.83941300668019,6.206898209971071,-4.80497094330886,9.45296256284371,10.7962385727724,8.433280282169651,8.86265710850958,-11.3317191681949,27.423969480239002,3.8131762970747993,7.49491770344707,5.04534161311486,8.3867564836012,5.25858598739291,9.21483570123117,7.47782655012782,0.790606972981195,2.99999608742769,6.4000041158006,5.40000302352202,5.599996529731469,3.6999972551929403,0.40000100255841203,-0.699997525864404,-1.0000054903297,4.40000216037417,0.8000005799816852,-1.2000005858070801,1.8000023031268302,-2.1000007578643602,-0.8999965521302041,3.79999478958757,4.09999846987672,1.09999993912393,5.10000360974934,3.2000015515371,3.80000000000086,2.9999999999996696,5.599999999999701,7.20000000000044,4.29999999999957,5.89999999999995,1.7000000000006301,3.39999999999938,2.4000000000003303,1.60000000000007,3.5999999999997803,2.9000000000002597,3.39999999999982,2.8,3.79999999999998,3.70000000000022,3.19999999999973,1.2999999999999399,1.2000000000002,0.7999999999997841,,
Egypt, Arab Rep.",EGY,GDP growth (annual %),NY.GDP.MKTP.KD.ZG,,5.16111414527542,3.87561672292931,10.5180926192111,11.507577471160399,4.91404229423402,5.04640371229708,0.8052641266335309,-1.6067923494771499,5.279517513337789,5.59851503979148,4.05734632683654,3.05568062434342,3.5068301633995698,1.5589385710668302,8.939147157521019,13.279689443334698,9.00304426663132,8.62876764593663,4.54768962755854,10.011329038037902,7.34855389679601,9.90717113423626,5.09440684004265,9.745762711864439,5.79150579150576,4.74452554744526,3.8327526132404603,5.4613204983888695,4.92086860507972,5.66702915073418,1.12540459483199,4.472859189398309,2.9007907935330497,3.97317218537407,4.642458770184111,4.98873056985471,5.492354740113231,5.5754974611595705,6.05343878260187,6.370003834231619,3.53525196931786,2.3902040278461403,3.19345473897896,4.0920716120453,4.47174446860463,6.843838196989241,7.08782742739524,7.15628356351688,4.673599800405429,5.147234858732941,1.76457194925801,2.22619979662137,2.18546605471226,2.91591187883586,4.37201907940117,4.34664345337812,4.18122100091018,5.3141210374639805,5.557683887915929,,
Spain,ESP,GDP growth (annual %),NY.GDP.MKTP.KD.ZG,,11.8386741948332,9.95343810301794,9.596498874197609,5.30851024557151,6.2531348989849995,7.2460603095078495,4.34033841707489,6.59702013758312,8.907015555270961,4.29063926798075,4.64947360429215,8.14974579127789,7.78846536076689,5.618785814414929,0.542203214009334,3.3037915048957402,2.8385743603672897,1.4630034461561399,0.0415463453412883,2.20872827746719,-0.132468611426361,1.24646170534606,1.77011566326799,1.78468758048753,2.3214357583661402,3.2533218417354397,5.5471225152586605,5.094324297669361,4.82703031232241,3.7813933782668596,2.54600054810226,0.929215548666747,-1.0314918634394101,2.38319539651248,2.75749399442464,2.6605244527234198,3.7025802853684104,4.39303735124493,4.49049131553554,5.24599468041613,3.93294884333099,2.73102223160264,2.98189483596207,3.1227952415142406,3.65203267433178,4.10272711542463,3.60468797126931,0.887145182485298,-3.76323192690089,0.163010230841422,-0.81437345515107,-2.9594413017355494,-1.43539425919327,1.3839079426702903,3.8351726603384604,3.03130132981933,2.97364119053731,2.43004714546871,1.9501268944504602,,
Ethiopia,ETH,GDP growth (annual %),NY.GDP.MKTP.KD.ZG,,,,,,,,,,,,,,,,,,,,,,,0.91601385808238,8.23500571846454,-2.8480214526401,-11.144352977637901,9.661612359266641,13.8593303966529,0.50367487907485,-0.36104418038227903,2.72645178301019,-7.1374797004965,-8.67248014788842,13.1428339765154,3.18996458217961,6.1275114137654505,12.4261737774646,3.1339068508759302,-3.4581391337174203,5.16214582105535,6.07321747957957,8.30130632052328,1.5147257063110102,-2.16135972205798,13.5726031368695,11.818765946649401,10.834727065876999,11.4561670000236,10.788521685372501,8.802553197825661,12.5505383459308,11.178296227164099,8.647811633374161,10.5822700482672,10.2574929610051,10.3924630202334,9.433482657844019,9.564189642956071,6.81614779681703,8.3640856990789,,
France,FRA,GDP growth (annual %),NY.GDP.MKTP.KD.ZG,,4.9801118491384,6.843469985235861,6.233679952091791,6.65209950760072,4.86150769580638,5.251837045660861,4.92114891528463,4.491308885790059,7.109475344852361,6.10867981285152,5.31671589688149,4.511374018617389,6.344580674697889,4.30091914308284,-0.9598847462230959,4.35675890276836,3.46431200428788,3.97854372235838,3.5499891566924195,1.5787452599058402,1.06901983853727,2.50539661637579,1.2408648621155902,1.51372160344316,1.62278136715794,2.33727634979969,2.56190033450119,4.74314219356484,4.34386106267613,2.92393508123074,1.0481758470443499,1.59934267687127,-0.6286663519054371,2.35834218111899,2.10669525325974,1.41299367250002,2.3362965293794398,3.58865942535427,3.42137379882455,3.92366922704063,1.9837214186329197,1.1355314821460099,0.8231607566841179,2.82975292869891,1.66321998030079,2.44932360111885,2.42473624337305,0.254945960124005,-2.8733138284963102,1.94943762312663,2.1927006326665404,0.31313475107717204,0.576326674771792,0.9561830523715571,1.1129123405747,1.0954644037204802,2.29141999417021,1.79286392711333,1.50859403033795,,
United Kingdom,GBR,GDP growth (annual %),NY.GDP.MKTP.KD.ZG,,2.67711894345372,1.1029096492186998,4.8743839976478,5.533659386023491,2.14217654354569,1.5731004140522302,2.78647464167507,5.441083437661151,1.92409683469894,3.7711879996675197,3.50471750518216,4.32166761525016,6.5238484384314095,-2.4844040523140998,-1.4736495420018403,2.91026625694681,2.45775048096047,4.20426042568425,3.74901664259653,-2.03136778090925,-0.787743851356353,1.9948912157081802,4.221856408551569,2.2691050845774,4.147415076932891,3.15034053587446,5.39273836588518,5.732413645899429,2.5776026956943796,0.733755502200452,-1.1031216255778,0.40108206384721296,2.48983097485453,3.84600913053607,2.5316700366599902,2.49153317975488,3.8548299912072497,3.64485339579952,3.42822332767811,3.43747162873862,2.97436365273566,2.3243511221289,3.28637759033414,2.37395142770163,3.1797288931825296,2.78832456587739,2.43055320120308,-0.281153555903288,-4.24782176303837,1.94952146428622,1.5401474031595799,1.4789239242734,2.1394857181108997,2.60747590068877,2.3555243059579904,1.91815513204681,1.8920770071680701,1.3407206024435299,1.46265820190786,,
Ghana,GHA,GDP growth (annual %),NY.GDP.MKTP.KD.ZG,,3.42967401166929,4.109158606181991,4.4059742005063605,2.20932750489335,1.36899886954237,-4.25829037246167,3.0753640519092,0.36886032889245296,6.006174963644769,9.72347258685929,5.21612455713634,-2.4876554002800297,2.88458419469011,6.85251683167101,-12.431629021835802,-3.53018280567582,2.27410724354498,8.4759355994241,-2.51494141829373,0.471695942558,-3.50306694673941,-6.923650409802869,-4.563737505897991,8.64756945830382,5.09161727297307,5.19916067889041,4.79489887802558,5.6281687653363095,5.0858727002999595,3.3288178832203,5.28182636929479,3.8794190724393904,4.85000056899135,3.29999980878,4.11241892868065,4.60246109029805,4.19635745801085,4.700390843588269,4.39999688631812,3.70000003991548,4.00000009859845,4.49999957793014,5.200000073974651,5.59999998938594,5.9000039161938505,6.39991250176021,4.34681916414681,9.14979897526671,4.84448699844826,7.89971188935309,14.0471236303192,9.29278940459675,7.312525007331259,2.89743883691538,2.1782067443939,3.44779299129725,8.143446548798519,6.26348073195742,6.478394805358991,,
Indonesia,IDN,GDP growth (annual %),NY.GDP.MKTP.KD.ZG,,5.740645822668131,1.84197770236842,-2.23702998571657,3.5296981499379703,1.08158946626055,2.79134682484525,1.3804028060703601,10.9151785714295,6.822298249136139,7.554634513942231,7.02399719740848,7.03764320785962,8.1039755351653,7.6346729055067,4.977300866695121,6.886564973525241,8.76132560106353,6.76706985763171,7.32430948559606,9.88007752166418,7.92715682412874,2.2464453403637497,4.1929673681999,6.975527808841241,2.4621435642255096,5.87504510359864,4.92592736496611,5.7804984881177,7.45658692516847,7.242131638564639,6.91198283591309,6.49750651682714,6.49640812045304,7.53997109551439,8.220007399034928,7.81818707670867,4.69987885390397,-13.126725492381802,0.79112608199847,4.9200677470169,3.64346644721492,4.49947539085764,4.780369121676539,5.030873945016849,5.69257130383384,5.500951785203481,6.345022226672139,6.0137036000912305,4.6288711825615305,6.22385418062366,6.16978420771008,6.030050653056151,5.5572636889100995,5.0066684257550005,4.87632230022123,5.0330691828017695,5.06978590134916,5.16970560898147,5.02471402216969,,
India,IND,GDP growth (annual %),NY.GDP.MKTP.KD.ZG,,3.72274253269818,2.9311277366600197,5.99435326095099,7.45295012233009,-2.6357701098535697,-0.0553287698314762,7.8259630303303895,3.38792917600293,6.539700296279969,5.15722973608288,1.64293038388746,-0.553301312377599,3.2955211352235496,1.1853362603404098,9.149912014805679,1.66310363661293,7.2547645858358,5.71253208900177,-5.23818270278925,6.73582152799834,6.00620362381754,3.47573324031229,7.28889290124583,3.8207378559736602,5.25429922330882,4.77656417048958,3.9653556339058595,9.627782919848189,5.94734332826501,5.533454563065111,1.05683143294308,5.48239602167047,4.75077621965234,6.65892406734025,7.57449184032379,7.549522248819799,4.0498208490926,6.18441582090618,8.84575556105509,3.84099115681285,4.82396626390641,3.8039753213757996,7.8603814755325905,7.922936612865031,7.92343062149763,8.06073257303272,7.66081506504928,3.0866980595328903,7.86188883303498,8.49758470158106,5.241344742885401,5.45635895072287,6.38610640094825,7.41022760508854,7.99625344413879,8.2563058441893,7.04382085537057,6.1195868413660195,4.18072762475113,,
Iran, Islamic Rep.",IRN,GDP growth (annual %),NY.GDP.MKTP.KD.ZG,,11.477601087423198,8.59043296524852,7.2744560687307,9.193938554737839,17.217673204866,11.2399479206267,11.632863402495198,14.808076707225199,16.333857410256602,11.1225886890011,14.420191956938698,14.4153472736797,8.56330136081671,6.49685414720005,-2.4193321573208197,17.2336307815238,-4.06488872862579,-14.0521704857562,-10.5139839762489,-27.526473202220103,-5.17603839462841,27.2104125099137,8.562524881738941,-8.785192830453159,2.1522129956209097,-10.206238980935401,0.648517189276234,-5.39621113736005,6.020874307895349,13.8337800132853,12.383382223371198,2.83472772495841,1.03999788399275,-1.5115877495644998,2.28266107320923,5.17328348623724,0.482046870504277,2.17782313294283,0.855458607295361,5.858066599960071,0.778638733143524,7.26555113029075,8.7345844349185,4.3745092765684594,3.1898040872888305,4.99979526181062,8.15577352358649,0.250856553493108,1.00738545790536,5.79793830169417,2.6457179180647596,-7.4445570297602,-0.19407347101582698,4.60341887988824,-1.3206451197333702,13.396242615752099,3.7551964519200403,-6.02597852573442,-6.7842156679014805,,
Iraq,IRQ,GDP growth (annual %),NY.GDP.MKTP.KD.ZG,,,,,,,,,,3.24418901397006,4.544357261306519,5.374554641827269,3.73529803357813,4.418759910968599,16.1133669148914,12.490662870632802,17.175102812967,1.89996254484149,17.0569630668645,20.869255313038302,24.753727133495303,-0.728728068216043,3.4339779813351203,-13.0733127908599,-1.4852420753107198,1.4538966590041997,4.64759094396265,9.30528157542324,-0.0190370337824675,-3.11853554691162,57.8178290288542,-64.0471065752366,32.5922078328476,30.2898317443436,3.85453129270157,2.12002163496412,11.020787407353499,21.237935364313,34.857094706093,17.5822664140771,1.40647473483672,2.30531667030583,-6.900180689336491,-33.1008373826406,54.157774294865,4.400617409187969,10.158199117321699,1.37759814755975,8.22810710383277,3.37929909442771,6.40256484471193,7.546471200426001,13.9364301737537,7.600000000000009,0.6999999999947449,2.47766461711252,15.212462734090801,-2.4946429391818596,-0.5636154716559929,4.40090984469357,,
Italy,ITA,GDP growth (annual %),NY.GDP.MKTP.KD.ZG,,8.20724591384771,6.2036504578714595,5.60972797819814,2.7977022791150703,3.26802371964163,5.98479422519729,7.178612465561709,6.54455465470546,6.09805999558601,5.26869297920993,1.8181079336680201,3.6904858247869905,7.12586230436492,5.50014110132227,-2.09016291535852,7.12538513712093,2.56050084476698,3.2401397518489103,5.95915942625737,3.4300164144226004,0.8442276072481429,0.41358569462796896,1.1692034945393899,3.2258523152798504,2.79808576720868,2.8599718638460803,3.19196062848015,4.19437730753005,3.38838345408922,1.98577494287171,1.53844755776618,0.8342754535548951,-0.8528057638318671,2.1510236380256598,2.8868367592455297,1.26678480191715,1.8302122338843798,1.8106151619762298,1.6257275993546,3.78695514323979,1.9513715560523799,0.25394299896845496,0.138626890776507,1.42359415817907,0.817848973650598,1.7906396808179599,1.4870729803678602,-0.9620128405792908,-5.280937208293099,1.7132958391692201,0.7073333470344352,-2.98090576823772,-1.8410654508824797,-0.004547542363837921,0.7783043507165809,1.29346273155907,1.66785904106857,0.944089468582305,0.34271899663109195,,
Japan,JPN,GDP growth (annual %),NY.GDP.MKTP.KD.ZG,,12.0435364080116,8.908972995580669,8.47364238279391,11.6767081963977,5.81970787298265,10.6385615591629,11.0821423246929,12.8824681383234,12.4778945144976,0.399050644662566,4.69899204241511,8.41354725507968,8.03259997480662,-1.2252398273517,3.09157591621214,3.9749840910101097,4.39033795005732,5.271941503073861,5.48404183248606,2.81759120723146,4.20933646563483,3.31245673720389,3.5230449851071604,4.50199481591629,5.23338094710242,3.3265256162917503,4.73066586024558,6.785020109413741,4.85803768641544,4.89271306580787,3.4174967615672402,0.8480695813862841,-0.5179198471632279,0.9930663633465708,2.7421403219035603,3.09999929079811,1.0760452342591,-1.1284098287731898,-0.251954272065987,2.77963282512113,0.40633590318704205,0.11799277688933801,1.52822014817859,2.20468788221162,1.6626704052849999,1.4200065560430601,1.65418388105051,-1.09354060044625,-5.416412796661849,4.19173925854747,-0.11542133975741801,1.49508958593034,2.00026784118108,0.374719476350435,1.2229210410615,0.521944455486121,2.1682907373731797,0.32320733790692197,0.654151650202522,,
Kenya,KEN,GDP growth (annual %),NY.GDP.MKTP.KD.ZG,,-7.774634904129231,9.457358741750161,8.77834021623049,4.96446728796283,2.0090941708295103,14.728566401776,3.36123203225105,7.982689969532571,7.959224456082279,-4.65544691356283,22.173891928008498,17.082429345007302,5.896580214644151,4.06561734723087,0.8822031784479379,2.15396449740983,9.45379784936982,6.91249354667455,7.615226041594241,5.5919762065950405,3.7735441966442003,1.50647825447523,1.30905024171786,1.7552169769687,4.30056181950171,7.17755539087368,5.93710744610728,6.20318381988459,4.69034876812297,4.19205097421582,1.4383467910851397,-0.7994939599276311,0.35319725637262395,2.6327845185903302,4.40621652580506,4.14683926716712,0.474901920484101,3.2902137230934603,2.3053885959187297,0.599695391613636,3.77990649628987,0.546859529994521,2.93247554619272,5.10429977568934,5.90666608168013,6.472494298624821,6.85072977063138,0.232282745665941,3.3069398153475804,8.405699224217171,6.1082637197965095,4.5632091307111695,5.878680566754181,5.357125644499691,5.718507131335139,5.87894929950137,4.80569652479387,6.31845070162866,5.36574896547464,,
Korea, Rep.",KOR,GDP growth (annual %),NY.GDP.MKTP.KD.ZG,,6.93599265224405,3.8952725307529903,9.020568282797631,9.47382471805444,7.31843358022128,11.993956608448698,9.079606553980101,13.165768290076699,14.561366696392698,10.0527348072623,10.5455135521971,7.21436072179991,14.8983226573489,9.51183543440047,7.8399333381073,13.221447802562698,12.335982195018499,10.9529856954848,8.67122670709715,-1.6456876404443797,7.24617628510612,8.338078086915361,13.376174490369301,10.5516403549853,7.8388640217408705,11.327261196306601,12.723692119326902,11.9877155593824,7.07289360531416,9.8775525016936,10.778056126896699,6.198642798363741,6.877474128685581,9.26866633778376,9.61456539319965,7.89070332600667,6.1705524265897695,-5.12944816520964,11.466942426742499,9.060833325085339,4.85239957151281,7.72514267547173,3.1472911937340897,5.1973913632438205,4.30854271411236,5.26432659466724,5.79954841503216,3.0129848728116695,0.7926989895181858,6.804824917836711,3.6856677821252597,2.40253099246186,3.1647086364718398,3.2024537945736005,2.80910326824133,2.94688171508626,3.1596357401277704,2.9074037737713505,2.03934822710794,,
Morocco,MAR,GDP growth (annual %),NY.GDP.MKTP.KD.ZG,,,,,,,,10.0288413599463,9.891739306432289,8.36216535667576,4.713460375521071,5.59689365914973,2.4372373471504,3.5593108319180695,5.59604994452371,7.558221561304361,10.8127813441382,6.05916767916479,2.23266338830095,4.793787205095481,3.64216481331357,-1.7434349304430201,8.95737202264262,1.38656957718641,6.41838632127607,6.007652071561691,9.27110576947608,-0.325004075718994,11.8752359788077,2.8462025812933396,3.4118122263137995,7.21608816138237,-2.09773876147652,-0.740591692022178,10.588000400616801,-5.40544786715996,12.3728762760077,-1.56070235606454,7.23855268965383,1.08133256173805,1.9128729806376699,7.31996745420717,3.12144965600538,5.96116215478284,4.79701836216324,3.2916396843359603,7.57463164458541,3.5315941515448905,5.923277685975929,4.24375732083367,3.8157179167666,5.24569729729485,3.0099612622197793,4.53542420003856,2.66949392694423,4.53637816806425,1.0598563900817901,4.24894920814332,3.14850265040512,2.48190512448301,,
Madagascar,MDG,GDP growth (annual %),NY.GDP.MKTP.KD.ZG,,2.0486327511418,2.2710697015938597,-0.9294016237762429,3.9625188477375697,-0.452253863622531,2.0645524068711696,5.52856561010439,6.8287860989284805,3.72122216780097,5.276455574847691,3.92936503159808,-1.2726215308478999,-2.61847832969463,2.0068793792620703,1.25869163449023,-3.06885839126655,2.36400035887338,-2.6618059648546497,9.85465029024229,0.952707588134771,-9.80000000000045,-1.8999999999996497,0.8999999999999909,1.76018194245148,1.15634413919095,1.96022488185443,1.17491326048489,3.40692920969059,4.07488065762141,3.12890505393186,-6.30635159445822,1.1808849422963998,2.09992318708629,-0.0421013007036493,1.6785923173170803,2.15420447648967,3.69349261585776,3.9170745988280804,4.69922704382388,4.45685893778607,5.98023576424708,-12.407971102275901,9.78489212136444,5.2570036214800995,4.75584509662626,5.398508450044741,5.710564196903009,6.71263895030565,-3.97870864608964,0.619229745623898,1.57842942055571,3.0111464075530696,2.30038693447709,3.33920224407332,3.13229588799277,3.9931460849989,3.9333161711242206,4.5647827594849595,4.85100000002106,,
Mexico,MEX,GDP growth (annual %),NY.GDP.MKTP.KD.ZG,,5.0000000024334,4.66441466819312,8.10688692769648,11.905480768231198,7.0999999958586395,6.096139304047281,5.854924877609429,9.42327881833562,3.41862002555951,6.5024840333226,3.7624676858320405,8.22880731164972,7.861119860779881,5.77682722978703,5.7444850496217,4.417444135043611,3.39063970677674,8.95694232825602,9.69817013786907,9.233251983886419,8.52560666281636,-0.520808041863248,-3.4864218036244203,3.41081413532642,2.18769311647023,-3.07895537526313,1.72243931164817,1.2832609974049198,4.1055093305943,5.17576838619527,4.21475483867759,3.54110241594962,1.94115584773009,4.94108067568743,-6.29123082110117,6.773258694450459,6.84685227862427,5.16392516795146,2.75355424748236,4.94245371467422,-0.404390126692846,-0.0398444814685348,1.4463826837036002,3.92059081028791,2.30780706591736,4.49507789421408,2.29144571429802,1.14358458719401,-5.2857441368175095,5.11811814321163,3.6630079295009397,3.64232267941347,1.3540919615167901,2.8497732549068795,3.2931515283338704,2.63053242455089,2.11312913549695,2.19499204896051,-0.0545279280443225,,
Myanmar,MMR,GDP growth (annual %),NY.GDP.MKTP.KD.ZG,,0.47156108037964395,4.0868725304389395,13.3492949251415,-5.894018839645059,10.692649510171599,-4.85177870418224,-5.9252588826368795,12.0593401836537,3.2917411206131204,4.97933059716753,4.12996244451882,2.4358413728682797,-0.9681247183355741,5.34237568949929,4.152709188527919,6.08039622928609,5.95228661057196,6.51781702314275,5.2012774807410596,7.93853808083067,6.35575459195852,5.6038764255663,4.39109267988805,4.93272802618058,2.85100023868452,-1.05734875698276,-4.00563178606433,-11.352439476817501,3.6952974226782205,2.8169332732916,-0.650616908122913,9.66094245272457,6.039410226884071,7.4779583583742,6.9480514367992905,6.4427153474499805,5.65158296317641,5.86621315299236,10.9451299820254,13.745930555989899,11.34399706985,12.025513433977,13.843996890138198,13.564661616294401,13.56895002161,13.0761013795808,11.99143524005,10.255305393015599,10.5500090961783,9.634439452144779,5.59148237819601,7.332670447154679,8.426001024851741,7.99091559728882,6.992840290251349,5.75006450029507,6.404977325147001,6.7504601462238005,2.88796073310718,,
Mozambique,MOZ,GDP growth (annual %),NY.GDP.MKTP.KD.ZG,,,,,,,,,,,,,,,,,,,,,,5.000002949409151,-6.89999943941208,-15.700002038583,-6.4999998798461105,0.9999967207946271,-2.29999602631008,14.700000422831499,8.199995179480501,6.50000455164441,0.999992833134172,4.925451257470169,-6.1247154506178,10.5985296732321,6.533396457905919,2.25975717757339,11.202519603498,11.301068648208899,9.93125194938349,11.698523715901198,1.1803007889161599,12.086874401641,9.291051885205961,6.87853287195776,7.9164078363794195,6.6459082805729,9.694374091742858,7.7297462424838,7.31775532393037,6.31819723248903,6.50235311519791,7.41738431559391,7.25843925258778,6.963607134870711,7.39851279713864,6.72327878035819,3.82421431921188,3.74131759312564,3.44381383971462,2.28359720301215,,
Malaysia,MYS,GDP growth (annual %),NY.GDP.MKTP.KD.ZG,,7.597993999124871,6.4210296093059895,7.338803526922691,5.35896290939337,7.684863474772969,7.816711026278339,3.8571464922936203,7.9779946415241305,4.8885336526140195,5.986538629928019,10.0346605799306,9.38844499078048,11.7010816125861,8.318661971831059,0.8010680907878649,11.563489778289302,7.7530583802194,6.6538922155700195,9.349099931372171,7.4418267838181995,6.94210419896217,5.9431524547803605,6.25223081499129,7.7617901200005495,-1.02525025111706,1.240594925634,5.19193211082151,9.937719676882312,9.05960086602369,9.00852713975699,9.54546741436137,8.88511797832156,9.894943333770641,9.21204179334867,9.82908519730812,10.0027006861844,7.3227418503592405,-7.359415188175559,6.1376120105769205,8.85886816969386,0.517675319192861,5.390988306927969,5.7884992858875,6.78343772370305,5.332139161414861,5.5848470671515,6.29878592740947,4.831769889130969,-1.51352871598714,7.42484738326097,5.2939128341400306,5.473454192538531,4.69372252557893,6.00672194558203,5.09153242155011,4.44978139761541,5.81272240983328,4.769927023631,4.30281598221003,,
Nigeria,NGA,GDP growth (annual %),NY.GDP.MKTP.KD.ZG,,0.191795489476007,4.1029925891327,8.57861892045217,4.95048865913519,4.88497683767658,-4.25051418779037,-15.7436282059309,-1.24836024600994,24.197383948973798,25.007241925401804,14.237531559701099,3.36426203025704,5.392760483967151,11.160674548764698,-5.2277475585758895,9.04235173026579,6.024117846194769,-5.76415839249874,6.759430934843509,4.20483104683032,-13.12788048507,-6.80338881469319,-10.9240850379951,-1.11562321799516,5.9130274644103595,0.0609452704053837,3.20012546714305,7.334025488425571,1.91938129664547,11.776885932349401,0.358352604483798,4.6311929469535595,-2.03511877571265,-1.81492448346319,-0.0726647666765956,4.19592404526841,2.937099419752,2.58125410282553,0.5841268945852249,5.01593475720539,5.917684651632871,15.3291557381864,7.34719497034284,9.250558228496939,6.43851652509105,6.0594280312554805,6.59113036073542,6.764472777848001,8.03692510189684,8.00565591528178,5.30792420366642,4.23006117510553,6.67133539288378,6.30971865572383,2.65269329541835,-1.6168689499181599,0.8058866195427041,1.92275734157302,2.2084292771582,,
Nepal,NPL,GDP growth (annual %),NY.GDP.MKTP.KD.ZG,,1.9082659692723603,1.9103200336735702,1.89511164336658,7.53244855331717,-1.20318901706183,7.0406431427479195,-1.5714974981418002,0.675483463917942,4.46342160070982,2.57599212629248,-1.1953833001199299,3.11780036344416,-0.4765362683620539,6.33359037348711,1.45647070823327,4.39853617983157,3.01697344064642,4.405741389613941,2.36887779436333,-2.31939420324042,8.34197413444542,3.7793746542902498,-2.97740585754977,9.68113001523064,6.14490523816742,4.5656505452221605,1.69561826463837,7.6968087114899895,4.3296479338953,4.63503634705982,6.368150403286691,4.10640661228756,3.84985002161713,8.21600270932667,3.46845188342333,5.32828417450956,5.04861253590236,3.01638948168549,4.4125732709716905,6.19999998759771,4.7998921488015895,0.120143175249694,3.94503776730633,4.6826032453513395,3.4791810463114703,3.3646147880716604,3.4115602756926204,6.1046391423169,4.53307872039284,4.8164146502244405,3.4218282408747203,4.78119225754814,4.12887767631092,5.98898466088022,3.32290543937559,0.5886784988225171,8.22349948315457,6.700995460170059,6.991212439602151,,
Pakistan,PAK,GDP growth (annual %),NY.GDP.MKTP.KD.ZG,,5.98734641929049,4.48285862746644,8.68883151825308,7.56975744905716,10.4193658220132,5.78995180143451,5.400612597208049,7.23322092500229,5.50789963428733,11.3534617181885,0.468372548504135,0.813406404583475,7.06426385694037,3.5401917127973395,4.21141563147387,5.15618958985213,3.9476982874147097,8.048533619373831,3.75843556853255,10.2157040372709,7.92076357199755,6.537486799985441,6.77837833870643,5.065205604758691,7.59211469875606,5.50165366386091,6.45234302467648,7.62527877959074,4.9597688944085805,4.4585868150981,5.06156775463454,7.70589782250018,1.7577476982823401,3.73741555346542,4.96260914865512,4.84658128425993,1.01439601361552,2.55023429562591,3.6601327433969404,4.260088011450899,3.55441821600166,2.50833772413712,5.777033992015831,7.546860015370839,6.518778073888741,5.89898444129835,4.832817277170849,1.7014054654513002,2.83165851919991,1.60668862905307,2.7484059174005,3.5070334200968905,4.396456633497721,4.674707981437249,4.73114747532901,5.526735844744481,5.55427743729406,5.8364174975440095,0.9888294398470799,,
Peru,PER,GDP growth (annual %),NY.GDP.MKTP.KD.ZG,,7.347096331455691,10.0352933342212,4.328249818445911,6.547867650471019,5.62173344947736,8.2389204457594,3.8525644078289503,0.15223771093175698,3.51445891251396,3.36594600332614,4.59053992759885,3.4775351231047305,6.2769347556202195,9.386834919383029,4.30086316548426,1.4471109951741101,0.34906369930381204,-2.64250297882154,4.09075057410003,5.9433353983084105,5.55204181484046,-0.2227234441863,-10.408085798297,3.60828653816966,2.06113206625895,9.42596236073652,9.726146430503722,-9.44127344629392,-12.3120414471296,-4.982563536466049,2.2192591027909,-0.540509124723926,5.24357700773291,12.308366184844502,7.41139504735119,2.79897307912609,6.476824420797089,-0.39153755583382105,1.49491064308833,2.69437139806912,0.617892325624297,5.453528938187669,4.16502313666112,4.95820320611745,6.28506032509601,7.528899044059401,8.518387769095499,9.126568301464198,1.0958236592427,8.332459107495769,6.327192401611169,6.139724705604349,5.85251821084928,2.38215737180541,3.25224477218451,3.95331871520767,2.51883544233135,3.97693571755005,2.1501313906839,,
Philippines,PHL,GDP growth (annual %),NY.GDP.MKTP.KD.ZG,,5.61657931895188,4.77312184751111,7.060487422671441,3.4469821453358103,5.26581046402164,4.42599417355312,5.32415018795591,4.94541808045072,4.65635857843904,3.7646048586697103,5.4286313689138606,5.446791103779829,8.92064682244855,3.5581150802419503,5.56477362422088,8.80663056740248,5.6020555772796605,5.17210328689089,5.63967574582152,5.14891129434363,3.42326917720806,3.61932760604162,1.87461646827222,-7.32368258432173,-7.30660883593997,3.41678280553231,4.3116348202579395,6.752544481383411,6.20531111660905,3.03696629398212,-0.57833465109762,0.33760303060563507,2.11630717921365,4.38762334052036,4.67869221910071,5.84587347283028,5.1853622756409,-0.5767181471415479,3.08191645885425,4.41122215866059,3.04923134463486,3.7162550015838303,5.08691113513073,6.56922851180626,4.94250511877678,5.31641682136939,6.519291550189379,4.34448730509183,1.44832306275669,7.33449996034538,3.85823282795663,6.89695171050985,6.75053130142255,6.34798748260867,6.348309716727611,7.14945675000752,6.9309883258402,6.34148557153473,6.040575256557619,,
Poland,POL,GDP growth (annual %),NY.GDP.MKTP.KD.ZG,,,,,,,,,,,,,,,,,,,,,,,,,,,,,,,,-7.01557879623546,2.51497861151925,3.7383103082092797,5.29280205842002,7.10286553810295,6.115380709474371,6.449059834872201,4.64063436855272,4.65482665906518,4.56102546838335,1.2584726936318602,2.03590350105117,3.4983991839323396,4.98282212348474,3.5068474534369503,6.13114394606158,7.0615438131078205,4.19996229248767,2.8321845894309803,3.7405177790768396,4.75763800382072,1.32489082785044,1.12576783609582,3.3785780726413197,4.2363263060808505,3.14173122907013,4.83065457036179,5.3537047460439995,4.54091951432764,,
Korea, Dem. Peopleâ€™s Rep.",PRK,GDP growth (annual %),NY.GDP.MKTP.KD.ZG,,,,,,,,,,,,,,,,,,,,,,,,,,,,,,,,,,,,,,,,,,,,,,,,,,,,,,,,,,,,,,
Russian Federation,RUS,GDP growth (annual %),NY.GDP.MKTP.KD.ZG,,,,,,,,,,,,,,,,,,,,,,,,,,,,,,,-2.9999956422359,-5.04693945126729,-14.5310737737734,-8.66854034149263,-12.569755979797803,-4.14352840564905,-3.75506943900625,1.39991580461016,-5.2999616253122595,6.39991468973531,10.000066815788,5.10005122527505,4.69999190873524,7.299952344538679,7.19994786994475,6.399965447853821,8.200068255056,8.49997776846357,5.19996926498843,-7.79999391343111,4.50000000003065,4.3000291857941,4.02408615720979,1.7554221490936799,0.7362672214155741,-1.9727192263754199,0.193690071729534,1.8257900635511202,2.5363313014038904,1.3418754406705802,,
Saudi Arabia,SAU,GDP growth (annual %),NY.GDP.MKTP.KD.ZG,,,,,,,,,,6.0378865487125095,58.647330649798604,20.512216747463103,22.930640249018303,24.1705285374227,16.2280652717263,-8.92861431424518,17.820974197223602,7.093359899433651,-5.2197260665725596,11.919431556684,5.6524576014038495,1.9430044581393302,-20.729888310514898,-16.0513862134881,-4.661451925528111,-9.7945022647133,17.0127462591635,-6.632496014963241,13.109312939398198,-0.5030158813907241,15.1934258901094,15.007880251994697,3.9875401639485095,-1.3637414320213703,0.55872018991596,0.21209134494562001,2.6374242153452303,1.1037820522773,2.89336252087628,-3.7632852180933702,5.62541614593002,-1.21074386842668,-2.8191744026317203,11.2420613854121,7.958441665763191,5.573850121695731,2.7884022241319,1.8471302549179598,6.24977275215683,-2.05924918904591,5.03948402979084,9.99684655201507,5.41144490215196,2.69925472093664,3.65248170123174,4.10640886893449,1.6706247567266799,-0.7415026515431009,2.43411077754232,0.33143572875815197,,
Sudan,SDN,GDP growth (annual %),NY.GDP.MKTP.KD.ZG,,0.0223913340338271,6.91584215418324,-2.84697167991408,-1.1204491183343102,6.77707407277404,-3.57514748580708,1.42408128240317,1.9632208236681898,1.3893504919087902,5.925074714472901,2.24731410064325,-5.07098648030895,0.632195250711433,11.4452891428663,15.7134664496094,16.6652197368838,6.2238537818869295,-5.930986722266231,-5.018599329054981,1.52431014825436,7.437563654979429,5.9586664335354005,2.06250169397741,-5.00890676887535,-6.28104357959521,5.4138110118287806,14.2208845977815,-0.33109181834542795,8.931393686960229,-5.4700537761547805,7.510910625889809,6.57786138499603,4.5687491895471295,1.0062282425578999,5.99709232020214,5.91912475789584,10.566736309579099,4.30850410363315,3.10409567996366,6.34586776869979,6.500360420697461,6.427273901371651,7.734591717043901,3.88330729113338,7.48973814215957,10.0643080017239,11.521910033371197,7.8019633343937995,3.2418475722429703,3.46931702799847,-1.96769585935655,0.521555100179611,4.3946958327458505,2.6794256681504702,4.906041879224389,4.69997603878434,0.767861503884745,-2.28994935878305,-2.5035372726294702,,
Thailand,THA,GDP growth (annual %),NY.GDP.MKTP.KD.ZG,,5.36214630168787,7.55425444784086,7.99983078698784,6.830996143705421,8.18166153767717,11.1225184946389,8.61598233328198,8.12227025554289,6.55065988587748,11.4079490662098,4.8953737602429905,4.27850803861051,10.2364330148798,4.466253385754531,4.97040522766497,9.326811081784369,9.84346323531113,10.2957465349385,5.37176651254237,5.17354100571934,5.90686776303639,5.35234875066743,5.584202469190839,5.752430251489931,4.64724035659331,5.53382776724771,9.518946022107901,13.2881140717644,12.190505986610901,11.167163444629299,8.558260321242301,8.08338802345332,8.25191591524627,7.99702466720433,8.120315346253781,5.65194446499471,-2.7535751531408197,-7.634035286001019,4.57230775115542,4.455247043350139,3.4442490096837206,6.14903605210036,7.18924330340971,6.28934214285795,4.18763842884337,4.96781089246107,5.43515169050809,1.7256988486633402,-0.690618232300579,7.513390532616239,0.8401320830533341,7.24279620249642,2.6874955632055597,0.984425109933866,3.1338969619427206,3.4292197120426,4.06625034855084,4.15076208786206,2.35469391059033,,
Turkey,TUR,GDP growth (annual %),NY.GDP.MKTP.KD.ZG,,1.1560693853969901,5.571428581804839,9.06630555240875,5.45905679838097,2.82352954343837,11.212815035351401,4.73251024393741,6.77799601038116,4.0811456208947,3.2335089729326003,5.56669450058789,7.425788325642429,3.2623345184051096,5.5944744026933595,7.17411268977106,10.4611795563238,3.40666980449156,1.50293301122329,-0.624113570222889,-2.44735042580156,4.85664876652039,3.56322781218346,4.97108077727097,6.712015712060079,4.24133571639945,7.01203111054399,9.48553884246731,2.3207367939484,0.29024406877959996,9.266146671493232,0.720279035610048,5.03563493896803,7.6512652030150905,-4.66814736394838,7.87826687618991,7.37966447375686,7.577663644076081,2.40415026014556,-3.26316841366706,6.93323970849313,-5.75000655700364,6.4477220524344006,5.7632060692431795,9.79593638222993,8.99230494390505,6.947988085686299,5.04350792469846,0.815024570978082,-4.8231539489953095,8.42710432293381,11.200110582737599,4.788492709371059,8.48581700166973,4.93971516020883,6.08448690017995,3.32308420844105,7.50199749358555,2.9589667240467596,0.9165347972067509,,
Tanzania,TZA,GDP growth (annual %),NY.GDP.MKTP.KD.ZG,,,,,,,,,,,,,,,,,,,,,,,,,,,,,,3.7644434069957398,7.045071643841781,2.07198821122208,0.5843221340832659,1.2058008083940301,1.5676617656256397,3.5699118684429996,4.54436680187438,3.5252781913522404,3.70851159607723,4.8638637551705095,4.52078463488321,6.07080828847816,7.093194983536861,6.67278982908314,7.50381466047716,7.4763192578229205,6.532221390301699,6.76853520180663,5.686416859764191,5.26910524791853,6.336523427474941,7.672155434993839,4.50015355982126,6.78158560065316,6.7324618683248305,6.16062877406682,6.867116196445509,6.785680114051981,5.44496763189635,5.79137137632071,,
Uganda,UGA,GDP growth (annual %),NY.GDP.MKTP.KD.ZG,,,,,,,,,,,,,,,,,,,,,,,,5.74455770869645,-0.344676680608728,-3.3063800034308,0.390086945693383,3.9619027865241896,8.26707354431291,6.361941246921179,6.47414015085897,5.55409549589159,3.4183568915428597,8.32629252035113,6.403635743531481,11.523243807939501,9.0721145821439,5.10000186347949,4.90526548386785,8.053948376646991,3.14190733824145,5.183661126432099,8.73268576393242,6.473258671490529,6.80723334418644,6.33256511629934,10.7847443861252,8.412425965527849,8.70875190132163,6.8015173480652,5.6376116379313395,9.391655492911848,3.8374556059261,3.58690582636159,5.10630732427653,5.187859862554361,4.78100029144647,3.80912902932442,6.162619139003481,6.803326813282349,,
Ukraine,UKR,GDP growth (annual %),NY.GDP.MKTP.KD.ZG,,,,,,,,,,,,,,,,,,,,,,,,,,,,,2.56646327002075,3.8731032107064,-6.3452351284913,-8.4106438886714,-9.69899857994184,-14.226106882311301,-22.9340455357513,-12.200000022432402,-9.99999997528151,-3.00000002693905,-1.89999998314991,-0.19999999536966603,5.899999999083151,9.20369481559182,5.249340619990139,9.51592306455673,12.108769490552099,2.99730011170958,7.4399179343506905,7.59352040825819,2.30402491084496,-14.7585621734729,3.8343925048331897,5.46550184584432,0.23868172076811303,-0.0266978900718868,-6.552631293657651,-9.772960790675429,2.23506761905661,2.46603562470679,3.40529852208769,3.23349118845559,,
United States,USA,GDP growth (annual %),NY.GDP.MKTP.KD.ZG,,2.29999999999968,6.10000000000012,4.39999999999992,5.800000000000299,6.399999999999759,6.50000000000028,2.5000000000000298,4.7999999999995895,3.0999999999999903,-0.32276083561664803,3.2933623870393403,5.25889534832913,5.64571947321326,-0.540546529606971,-0.205464005057081,5.38813922012807,4.624159211772559,5.53530269624309,3.16615026772367,-0.256751936461413,2.53771870053738,-1.8028744520173503,4.58392730884007,7.2366200040106206,4.16965594529771,3.4626517212670898,3.45957255449522,4.177046383082,3.6726563283844103,1.88596032430949,-0.10825910470552498,3.52244248662824,2.75284432663625,4.02883906807251,2.6842871338757,3.7725013199817004,4.44721633956435,4.48140755308913,4.75323599078349,4.1274840114197495,0.998340800315447,1.7416952430289399,2.86121077200275,3.7988911226479303,3.51321379594287,2.85497229827358,1.87617145523009,-0.136579804247219,-2.5367570696286204,2.56376656343198,1.55083550424324,2.24954585097743,1.84208107011949,2.52597345040711,2.9080218612834305,1.63783845703892,2.36980078440416,2.92732573232968,2.16117628829923,,
Uzbekistan,UZB,GDP growth (annual %),NY.GDP.MKTP.KD.ZG,,,,,,,,,,,,,,,,,,,,,,,,,,,,,9.138582274566788,3.0912939732962994,1.60000000555935,-0.4920000040321071,-11.1999999973959,-2.30000000551736,-5.19999999214843,-0.900000006201068,1.70000000369728,5.19999999723342,4.3000000002098195,4.300000002809701,3.83499999927004,4.1638382500249795,3.9734881922449903,4.232627381606161,7.4490006050185,6.950007196883349,7.4514184756453705,9.47300530489517,9.02916101722255,8.05093332834468,7.59716796084425,7.78490586424678,7.37568798629763,7.584537848652349,7.17939955021976,7.44770507452417,6.09421023860457,4.46152609019241,5.44644486222825,5.56372395323797,,
Venezuela, RB",VEN,GDP growth (annual %),NY.GDP.MKTP.KD.ZG,,3.19251943889358,8.53293376290713,3.9009511638181604,11.129345293262501,4.16286666476402,1.51025011101886,2.83386903098896,7.33723265821675,0.7060367961560419,7.71191438124382,1.47929120998992,1.28280503619396,7.10995789495577,2.06933320169284,2.89625778007156,7.72773984679836,6.27078351298833,2.34689637191244,0.7643551454256401,-4.42132236441776,-0.36281090307269903,-2.07100607069904,-3.76481712341422,1.44216463345981,0.193300161365073,6.51034502827659,3.5816499384792,5.82136841978142,-8.56988201329985,6.467940853058081,9.72988797714595,6.0604732624884905,0.275388157561835,-2.34950792823469,3.9516627239124102,-0.197837256663462,6.370931401018809,0.29405516051952,-5.97045814641,3.6869441668768297,3.3942361077907,-8.85564735286779,-7.75530004959883,18.2866066891245,10.3179138043148,9.872149108510369,8.753578807858501,5.2778541239878205,-3.2023026574900197,-1.4887912507834802,4.17642535923927,5.62595697508641,1.3430940360747599,-3.89438647450662,,,,,,,
Vietnam,VNM,GDP growth (annual %),NY.GDP.MKTP.KD.ZG,,,,,,,,,,,,,,,,,,,,,,,,,,3.8058556682635496,2.78929157511523,3.58346963264538,5.135011671015651,7.36451289315325,5.10091814039046,5.96084393175285,8.64604745955859,8.07273065711568,8.838980952401231,9.54048017490108,9.34001749599132,8.15208414329487,5.7644554639503,4.77358688057245,6.78731640822197,6.192893311812299,6.320820987710491,6.8990634917423295,7.53641061182057,7.547247727228099,6.97795481183347,7.129504483963231,5.66177120802432,5.397897542766759,6.42323821717497,6.24030274887527,5.2473671560487,5.42188299130713,5.9836546369785095,6.67928878891428,6.21081166789992,6.8122456596397996,7.07578861674985,7.017434882187799,,
Yemen, Rep.",YEM,GDP growth (annual %),NY.GDP.MKTP.KD.ZG,,,,,,,,,,,,,,,,,,,,,,,,,,,,,,,,6.29349385992927,8.20759813722687,4.00196638126631,6.7219491223169605,5.66937132228433,4.63496731668951,5.23111204040379,6.006694598718769,3.77553049612634,6.1819155928913,3.80364587188127,3.9352315052778,3.74739818489111,3.972696401183,5.59174807563268,3.17040935922364,3.33842795605096,3.64756947012633,3.8662295158774196,7.702307039618651,-12.714823017498802,2.3928856820532003,4.823414981249769,-0.18859144906115,-27.9944385179254,-9.37505950816737,-5.07201001878522,0.752598678967971,2.0974143612907903,,
South Africa,ZAF,GDP growth (annual %),NY.GDP.MKTP.KD.ZG,,3.8447514623672,6.17788309531487,7.3736127850247,7.93978166914069,6.122760827204161,4.4383082668923395,7.196575940811019,4.15344481422642,4.71583060864083,5.24867413450897,4.27897042944383,1.65476204059776,4.57199781123279,6.1110544610155,1.6954481772651597,2.24990405393839,-0.0940375339470592,3.01454896583107,3.7905038120076298,6.62058508131413,5.36073741903375,-0.383390768760975,-1.84654447698229,5.099114909729559,-1.21148371912611,0.017834778083169998,2.10073522073282,4.20013254933285,2.39478415860124,-0.31778567576331795,-1.0182198732135799,-2.13705688877369,1.23351991332927,3.20000104934246,3.09999541832646,4.2999989609346,2.60000211628014,0.50000090515276,2.3999962445644303,4.2000034755179,2.69999456713745,3.70038235175593,2.9490791374903,4.55455274472709,5.2770563116366,5.60379765712011,5.36047589053663,3.1910467411567796,-1.5380893337992099,3.03973081360169,3.28416814231139,2.21335480848441,2.4852005003106,1.8469916036571599,1.19373280124428,0.39908792955635897,1.41451262585058,0.7870555704950991,0.152583316664234,,
